Unnamed: 0,Drug_dose,NP_concentration,NP size_min,NP size_max,shape,ZOI_drug,ZOI_drug_NP,MDR_check,NP_Synthesis_Chem,NP_Synthesis_Green,NP_Synthesis_Bio,gram,"min_Incub_period, h",biosafety_level,MolLogP,fr_lactam,NumAromaticHeterocycles,d_to_Micrococcus luteus,d_to_Neisseria mucosa,d_to_Candida albicans
638,30.0,100.0,5.0,30.0,0,0.0,17.0,1,0,0,1.0,1.0,240.0,1,0.10620000000000512,0.0,0.0,0,14,18
639,10.0,100.0,5.0,30.0,0,0.0,17.0,1,0,0,1.0,1.0,240.0,1,-3.327499999999995,0.0,0.0,0,14,18
300,500.0,30.0,8.0,20.0,1,12.0,15.0,0,0,1,0.0,1.0,24.0,2,-1.2991999999999946,1.0,2.0,12,14,18
432,500.0,30.0,8.0,20.0,1,22.0,50.0,0,0,1,0.0,-1.0,24.0,2,0.3181000000000002,1.0,0.0,14,0,18
488,500.0,30.0,8.0,20.0,1,46.0,48.0,0,0,1,0.0,-1.0,24.0,2,-3.4698999999999973,1.0,0.0,14,0,18
490,500.0,30.0,8.0,20.0,1,48.0,48.0,0,0,1,0.0,-1.0,24.0,2,0.3736999999999999,1.0,0.0,14,0,18
489,500.0,30.0,8.0,20.0,1,47.0,47.0,0,0,1,0.0,-1.0,24.0,2,-1.198999999999999,1.0,2.0,14,0,18
487,500.0,30.0,8.0,20.0,1,44.0,44.0,0,0,1,0.0,-1.0,24.0,2,4.335420000000004,0.0,0.0,14,0,18
479,500.0,30.0,8.0,20.0,1,30.0,42.0,0,0,1,0.0,-1.0,24.0,2,-3.327499999999995,0.0,0.0,14,0,18
140,15.0,42.5,14.45,15.55,0,28.0,41.0,0,0,0,1.0,-1.0,48.0,2,1.9007000000000054,0.0,0.0,14,10,18
138,30.0,42.33,14.45,15.55,0,27.0,40.0,0,0,0,1.0,-1.0,12.0,2,0.9089999999999998,0.0,0.0,14,10,18
139,15.0,42.15,14.45,15.55,0,27.0,40.0,0,0,0,1.0,1.0,24.0,2,1.9007000000000054,0.0,0.0,12,14,18
145,30.0,42.24,14.45,15.55,0,32.0,40.0,0,0,0,1.0,1.0,24.0,2,-1.2435999999999974,0.0,0.0,12,14,18
485,500.0,30.0,8.0,20.0,1,40.0,40.0,0,0,1,0.0,-1.0,24.0,2,0.023700000000000443,1.0,0.0,14,0,18
486,500.0,30.0,8.0,20.0,1,40.0,40.0,0,0,1,0.0,-1.0,24.0,2,-0.24029999999999685,1.0,0.0,14,0,18
478,500.0,30.0,8.0,20.0,1,30.0,39.0,0,0,1,0.0,1.0,0.16,1,-0.21439999999999837,0.0,0.0,12,14,18
659,10.0,100.0,5.0,30.0,0,23.0,38.0,0,0,0,1.0,1.0,4.0,2,1.5833,0.0,1.0,12,14,18
134,20.0,42.2,14.45,15.55,0,25.0,38.0,0,0,0,1.0,1.0,24.0,2,0.3181000000000002,1.0,0.0,12,14,18
484,500.0,30.0,8.0,20.0,1,34.0,38.0,0,0,1,0.0,-1.0,24.0,2,-0.21439999999999837,0.0,0.0,14,0,18
125,30.0,42.11,14.45,15.55,0,0.0,37.0,1,0,0,1.0,-1.0,48.0,2,-0.5359999999999987,1.0,1.0,14,10,18
467,500.0,30.0,8.0,20.0,1,26.0,37.0,0,0,1,0.0,1.0,0.16,1,-8.161100000000008,0.0,0.0,12,14,18
708,2.0,10.0,5.0,32.0,0,37.0,37.0,0,0,0,1.0,-1.0,48.0,2,2.62362,0.0,2.0,14,10,18
124,1.0,42.27,14.45,15.55,0,0.0,36.0,1,0,0,1.0,-1.0,12.0,2,1.89532,1.0,1.0,14,10,18
137,30.0,42.13,14.45,15.55,0,27.0,36.0,0,0,0,1.0,-1.0,48.0,2,0.9089999999999998,0.0,0.0,14,10,18
724,10.0,10.0,5.0,40.0,0,29.0,36.0,0,0,0,1.0,-1.0,168.0,2,0.9089999999999998,0.0,0.0,14,10,18
744,10.0,,5.0,40.0,0,29.0,36.0,0,0,0,1.0,-1.0,168.0,2,0.9089999999999998,0.0,0.0,14,10,18
707,2.0,10.0,5.0,32.0,0,36.0,36.0,0,0,0,1.0,1.0,24.0,2,2.62362,0.0,2.0,12,14,18
130,30.0,42.34,14.45,15.55,0,20.0,35.0,0,0,0,1.0,-1.0,12.0,2,-1.2435999999999974,0.0,0.0,14,10,18
657,10.0,100.0,5.0,30.0,0,22.0,35.0,0,0,0,1.0,-1.0,24.0,2,1.5833,0.0,1.0,14,10,18
122,40.0,42.8,14.45,15.55,0,0.0,34.0,1,0,0,1.0,-1.0,48.0,2,-4.953199999999996,1.0,1.0,14,10,18
123,50.0,42.32,14.45,15.55,0,0.0,34.0,1,0,0,1.0,-1.0,12.0,2,-0.09110000000000007,0.0,0.0,14,10,18
416,500.0,30.0,8.0,20.0,1,20.0,34.0,0,0,1,0.0,1.0,0.16,1,0.3181000000000002,1.0,0.0,12,14,18
141,30.0,42.23,14.45,15.55,0,29.0,34.0,0,0,0,1.0,1.0,24.0,2,0.9089999999999998,0.0,0.0,12,14,18
482,500.0,30.0,8.0,20.0,1,34.0,34.0,0,0,1,0.0,-1.0,24.0,2,-1.1722999999999981,0.0,0.0,14,0,18
483,500.0,30.0,8.0,20.0,1,34.0,34.0,0,0,1,0.0,1.0,0.16,1,0.3736999999999999,1.0,0.0,12,14,18
121,50.0,42.12,14.45,15.55,0,0.0,32.0,1,0,0,1.0,-1.0,48.0,2,-0.09110000000000007,0.0,0.0,14,10,18
129,15.0,42.25,14.45,15.55,0,20.0,32.0,0,0,0,1.0,-1.0,12.0,2,1.9007000000000054,0.0,0.0,14,10,18
452,500.0,30.0,8.0,20.0,1,24.0,32.0,0,0,1,0.0,1.0,0.16,1,0.9089999999999998,0.0,0.0,12,14,18
453,500.0,30.0,8.0,20.0,1,24.0,32.0,0,0,1,0.0,-1.0,24.0,2,-8.161100000000008,0.0,0.0,14,10,18
143,20.0,42.1,14.45,15.55,0,30.0,32.0,0,0,0,1.0,-1.0,48.0,2,0.3181000000000002,1.0,0.0,14,10,18
480,500.0,30.0,8.0,20.0,1,32.0,32.0,0,0,1,0.0,-1.0,24.0,2,-1.2991999999999946,1.0,2.0,14,0,18
481,500.0,30.0,8.0,20.0,1,32.0,32.0,0,0,1,0.0,-1.0,24.0,2,0.9089999999999998,0.0,0.0,14,0,18
265,500.0,30.0,8.0,20.0,1,8.0,31.0,0,0,1,0.0,-1.0,24.0,2,0.07349999999999995,0.0,1.0,14,0,18
723,10.0,10.0,5.0,40.0,0,24.0,31.0,0,0,0,1.0,-1.0,168.0,2,1.785600000000004,0.0,0.0,14,10,18
743,10.0,,5.0,40.0,0,24.0,31.0,0,0,0,1.0,-1.0,168.0,2,1.785600000000004,0.0,0.0,14,10,18
474,500.0,30.0,8.0,20.0,1,30.0,30.0,0,0,1,0.0,-1.0,24.0,2,-4.953199999999996,1.0,1.0,14,0,18
475,500.0,30.0,8.0,20.0,1,30.0,30.0,0,0,1,0.0,-1.0,8.0,2,0.3736999999999999,1.0,0.0,14,10,18
476,500.0,30.0,8.0,20.0,1,30.0,30.0,0,0,1,0.0,-1.0,8.0,2,-3.327499999999995,0.0,0.0,14,10,18
477,500.0,30.0,8.0,20.0,1,30.0,30.0,0,0,1,0.0,-1.0,8.0,2,-8.161100000000008,0.0,0.0,14,10,18
660,10.0,100.0,5.0,30.0,0,28.0,29.0,0,0,0,1.0,1.0,24.0,2,1.5833,0.0,1.0,12,14,18
473,500.0,30.0,8.0,20.0,1,29.0,29.0,0,0,1,0.0,-1.0,48.0,2,0.3181000000000002,1.0,0.0,14,10,18
706,5.0,10.0,5.0,32.0,0,29.0,29.0,0,0,0,1.0,1.0,24.0,2,-0.5447999999999991,1.0,1.0,12,14,18
127,10.0,42.26,14.45,15.55,0,17.0,28.0,0,0,0,1.0,-1.0,12.0,2,-3.327499999999995,0.0,0.0,14,10,18
131,40.0,42.28,14.45,15.55,0,21.0,28.0,0,0,0,1.0,-1.0,12.0,2,-4.953199999999996,1.0,1.0,14,10,18
722,10.0,10.0,5.0,40.0,0,22.0,28.0,0,0,0,1.0,-1.0,48.0,2,0.9089999999999998,0.0,0.0,14,10,18
742,10.0,,5.0,40.0,0,22.0,28.0,0,0,0,1.0,-1.0,48.0,2,0.9089999999999998,0.0,0.0,14,10,18
136,10.0,42.16,14.45,15.55,0,27.0,28.0,0,0,0,1.0,1.0,24.0,2,-3.327499999999995,0.0,0.0,12,14,18
471,500.0,30.0,8.0,20.0,1,28.0,28.0,0,0,1,0.0,-1.0,8.0,2,-1.1722999999999981,0.0,0.0,14,10,18
472,500.0,30.0,8.0,20.0,1,28.0,28.0,0,0,1,0.0,-1.0,24.0,2,-8.161100000000008,0.0,0.0,14,0,18
704,100.0,10.0,5.0,32.0,0,28.0,28.0,0,0,0,1.0,1.0,24.0,2,0.4864999999999999,1.0,0.0,12,14,18
705,5.0,10.0,5.0,32.0,0,28.0,28.0,0,0,0,1.0,-1.0,48.0,2,-0.5447999999999991,1.0,1.0,14,10,18
144,10.0,42.6,14.45,15.55,0,31.0,28.0,0,0,0,1.0,-1.0,48.0,2,-3.327499999999995,0.0,0.0,14,10,18
415,500.0,30.0,8.0,20.0,1,20.0,27.0,0,0,1,0.0,-1.0,168.0,2,0.3181000000000002,1.0,0.0,14,10,18
461,500.0,30.0,8.0,20.0,1,25.0,27.0,0,0,1,0.0,-1.0,24.0,2,1.785600000000004,0.0,0.0,14,0,18
468,500.0,30.0,8.0,20.0,1,27.0,27.0,0,0,1,0.0,-1.0,12.0,1,0.3181000000000002,1.0,0.0,14,10,18
469,500.0,30.0,8.0,20.0,1,27.0,27.0,0,0,1,0.0,-1.0,24.0,2,-3.327499999999995,0.0,0.0,14,10,18
470,500.0,30.0,8.0,20.0,1,27.0,27.0,0,0,1,0.0,-1.0,48.0,2,-0.21439999999999837,0.0,0.0,14,10,18
703,30.0,10.0,5.0,32.0,0,27.0,27.0,0,0,0,1.0,-1.0,48.0,2,-8.424200000000015,0.0,0.0,14,10,18
414,500.0,30.0,8.0,20.0,1,20.0,26.0,0,0,1,0.0,-1.0,24.0,2,-8.424200000000015,0.0,0.0,14,0,18
460,500.0,30.0,8.0,20.0,1,25.0,26.0,0,0,1,0.0,-1.0,24.0,2,1.2575999999999998,0.0,1.0,14,0,18
462,500.0,30.0,8.0,20.0,1,26.0,26.0,0,0,1,0.0,-1.0,48.0,2,0.9089999999999998,0.0,0.0,14,10,18
463,500.0,30.0,8.0,20.0,1,26.0,26.0,0,0,1,0.0,-1.0,12.0,1,-3.327499999999995,0.0,0.0,14,10,18
464,500.0,30.0,8.0,20.0,1,26.0,26.0,0,0,1,0.0,-1.0,24.0,2,-7.2914000000000065,0.0,0.0,14,0,18
465,500.0,30.0,8.0,20.0,1,26.0,26.0,0,0,1,0.0,-1.0,12.0,1,-7.2914000000000065,0.0,0.0,14,10,18
466,500.0,30.0,8.0,20.0,1,26.0,26.0,0,0,1,0.0,-1.0,24.0,2,-0.24029999999999685,1.0,0.0,14,10,18
702,100.0,10.0,5.0,32.0,0,26.0,26.0,0,0,0,1.0,-1.0,48.0,2,0.4864999999999999,1.0,0.0,14,10,18
120,30.0,42.31,14.45,15.55,0,0.0,25.0,1,0,0,1.0,-1.0,12.0,2,-0.5359999999999987,1.0,1.0,14,10,18
259,500.0,30.0,8.0,20.0,1,7.0,25.0,0,0,1,0.0,-1.0,48.0,2,-8.161100000000008,0.0,0.0,14,10,18
776,5.0,10.0,14.0,42.0,0,20.0,25.0,0,0,0,1.0,-1.0,168.0,2,1.5439999999999998,0.0,1.0,14,10,18
655,,100.0,5.0,30.0,0,21.0,25.0,0,0,0,1.0,1.0,4.0,2,-0.17602999999999924,1.0,0.0,12,14,18
656,10.0,100.0,5.0,30.0,0,22.0,25.0,0,0,0,1.0,-1.0,24.0,2,-3.327499999999995,0.0,0.0,14,10,18
443,500.0,30.0,8.0,20.0,1,23.0,25.0,0,0,1,0.0,-1.0,24.0,1,0.9089999999999998,0.0,0.0,14,10,18
658,,100.0,5.0,30.0,0,23.0,25.0,0,0,0,1.0,1.0,24.0,2,-0.17602999999999924,1.0,0.0,12,14,18
449,500.0,30.0,8.0,20.0,1,24.0,25.0,0,0,1,0.0,-1.0,12.0,1,-1.2991999999999946,1.0,2.0,14,10,18
450,500.0,30.0,8.0,20.0,1,24.0,25.0,0,0,1,0.0,1.0,0.16,1,0.10620000000000512,0.0,0.0,12,14,18
451,500.0,30.0,8.0,20.0,1,24.0,25.0,0,0,1,0.0,-1.0,24.0,2,0.10620000000000512,0.0,0.0,14,0,18
454,500.0,30.0,8.0,20.0,1,25.0,25.0,0,0,1,0.0,-1.0,12.0,1,-4.953199999999996,1.0,1.0,14,10,18
455,500.0,30.0,8.0,20.0,1,25.0,25.0,0,0,1,0.0,-1.0,24.0,2,0.3736999999999999,1.0,0.0,14,10,18
456,500.0,30.0,8.0,20.0,1,25.0,25.0,0,0,1,0.0,-1.0,12.0,1,0.3736999999999999,1.0,0.0,14,10,18
457,500.0,30.0,8.0,20.0,1,25.0,25.0,0,0,1,0.0,-1.0,24.0,2,-0.21439999999999837,0.0,0.0,14,10,18
458,500.0,30.0,8.0,20.0,1,25.0,25.0,0,0,1,0.0,1.0,24.0,2,-0.21439999999999837,0.0,0.0,12,14,18
459,500.0,30.0,8.0,20.0,1,25.0,25.0,0,0,1,0.0,-1.0,8.0,2,-0.21439999999999837,0.0,0.0,14,10,18
696,300.0,10.0,5.0,32.0,0,25.0,25.0,0,0,0,1.0,1.0,24.0,2,0.07349999999999995,0.0,1.0,12,14,18
697,30.0,10.0,5.0,32.0,0,25.0,25.0,0,0,0,1.0,-1.0,48.0,2,1.4230200000000002,0.0,2.0,14,10,18
698,30.0,10.0,5.0,32.0,0,25.0,25.0,0,0,0,1.0,1.0,24.0,2,1.4230200000000002,0.0,2.0,12,14,18
699,25.0,10.0,5.0,32.0,0,25.0,25.0,0,0,0,1.0,-1.0,48.0,2,-0.21439999999999837,0.0,0.0,14,10,18
700,25.0,10.0,5.0,32.0,0,25.0,25.0,0,0,0,1.0,1.0,24.0,2,-0.21439999999999837,0.0,0.0,12,14,18
701,10.0,10.0,5.0,32.0,0,25.0,25.0,0,0,0,1.0,1.0,24.0,2,-3.327499999999995,0.0,0.0,12,14,18
778,30.0,10.0,14.0,42.0,0,25.0,25.0,0,0,0,1.0,1.0,24.0,2,5.6661000000000055,0.0,0.0,12,14,18
119,40.0,42.18,14.45,15.55,0,0.0,24.0,1,0,0,1.0,1.0,24.0,2,-4.953199999999996,1.0,1.0,12,14,18
388,500.0,30.0,8.0,20.0,1,18.0,24.0,0,0,1,0.0,-1.0,168.0,2,-3.4698999999999973,1.0,0.0,14,10,18
653,10.0,100.0,5.0,30.0,0,21.0,24.0,0,0,0,1.0,1.0,4.0,2,-3.327499999999995,0.0,0.0,12,14,18
654,,100.0,5.0,30.0,0,21.0,24.0,0,0,0,1.0,-1.0,24.0,2,-0.17602999999999924,1.0,0.0,14,10,18
133,20.0,42.3,14.45,15.55,0,22.0,24.0,0,0,0,1.0,-1.0,12.0,2,0.3181000000000002,1.0,0.0,14,10,18
430,500.0,30.0,8.0,20.0,1,22.0,24.0,0,0,1,0.0,-1.0,168.0,2,0.9089999999999998,0.0,0.0,14,10,18
431,500.0,30.0,8.0,20.0,1,22.0,24.0,0,0,1,0.0,-1.0,24.0,1,-0.21439999999999837,0.0,0.0,14,10,18
444,500.0,30.0,8.0,20.0,1,24.0,24.0,0,0,1,0.0,-1.0,8.0,2,-8.424200000000015,0.0,0.0,14,10,18
445,500.0,30.0,8.0,20.0,1,24.0,24.0,0,0,1,0.0,-1.0,12.0,1,-1.198999999999999,1.0,2.0,14,10,18
446,500.0,30.0,8.0,20.0,1,24.0,24.0,0,0,1,0.0,-1.0,24.0,2,-1.1722999999999981,0.0,0.0,14,10,18
447,500.0,30.0,8.0,20.0,1,24.0,24.0,0,0,1,0.0,-1.0,12.0,1,-0.24029999999999685,1.0,0.0,14,10,18
448,500.0,30.0,8.0,20.0,1,24.0,24.0,0,0,1,0.0,-1.0,24.0,2,-8.161100000000008,0.0,0.0,14,10,18
695,10.0,10.0,5.0,32.0,0,24.0,24.0,0,0,0,1.0,-1.0,48.0,2,-3.327499999999995,0.0,0.0,14,10,18
428,500.0,30.0,8.0,20.0,1,22.0,23.0,0,0,1,0.0,-1.0,24.0,1,0.3736999999999999,1.0,0.0,14,10,18
429,500.0,30.0,8.0,20.0,1,22.0,23.0,0,0,1,0.0,-1.0,8.0,2,-7.2914000000000065,0.0,0.0,14,10,18
777,30.0,10.0,14.0,42.0,0,22.0,23.0,0,0,0,1.0,1.0,24.0,2,1.5833,0.0,1.0,12,14,18
433,500.0,30.0,8.0,20.0,1,23.0,23.0,0,0,1,0.0,-1.0,24.0,2,-8.424200000000015,0.0,0.0,14,10,18
434,500.0,30.0,8.0,20.0,1,23.0,23.0,0,0,1,0.0,-1.0,24.0,2,-8.424200000000015,0.0,0.0,14,10,18
435,500.0,30.0,8.0,20.0,1,23.0,23.0,0,0,1,0.0,-1.0,12.0,2,-4.953199999999996,1.0,1.0,14,10,18
436,500.0,30.0,8.0,20.0,1,23.0,23.0,0,0,1,0.0,-1.0,24.0,2,-3.327499999999995,0.0,0.0,14,10,18
437,500.0,30.0,8.0,20.0,1,23.0,23.0,0,0,1,0.0,1.0,0.16,1,-7.2914000000000065,0.0,0.0,12,14,18
438,500.0,30.0,8.0,20.0,1,23.0,23.0,0,0,1,0.0,-1.0,12.0,2,-8.161100000000008,0.0,0.0,14,10,18
439,500.0,30.0,8.0,20.0,1,23.0,23.0,0,0,1,0.0,-1.0,24.0,1,-8.161100000000008,0.0,0.0,14,10,18
440,500.0,30.0,8.0,20.0,1,23.0,23.0,0,0,1,0.0,-1.0,12.0,1,-8.161100000000008,0.0,0.0,14,10,18
441,500.0,30.0,8.0,20.0,1,23.0,23.0,0,0,1,0.0,-1.0,24.0,2,0.10620000000000512,0.0,0.0,14,10,18
442,500.0,30.0,8.0,20.0,1,23.0,23.0,0,0,1,0.0,-1.0,8.0,2,0.10620000000000512,0.0,0.0,14,10,18
693,300.0,10.0,5.0,32.0,0,23.0,23.0,0,0,0,1.0,-1.0,48.0,2,0.07349999999999995,0.0,1.0,14,10,18
694,30.0,10.0,5.0,32.0,0,23.0,23.0,0,0,0,1.0,1.0,24.0,2,-8.424200000000015,0.0,0.0,12,14,18
146,1.0,42.17,14.45,15.55,0,33.0,23.0,0,0,0,1.0,1.0,24.0,2,1.89532,1.0,1.0,12,14,18
118,30.0,42.21,14.45,15.55,0,0.0,22.0,1,0,0,1.0,1.0,24.0,2,-0.5359999999999987,1.0,1.0,12,14,18
319,500.0,30.0,8.0,20.0,1,14.0,22.0,0,0,1,0.0,-1.0,24.0,2,-8.424200000000015,0.0,0.0,14,10,18
387,500.0,30.0,8.0,20.0,1,18.0,22.0,0,0,1,0.0,-1.0,168.0,2,0.10620000000000512,0.0,0.0,14,10,18
412,500.0,30.0,8.0,20.0,1,20.0,22.0,0,0,1,0.0,-1.0,24.0,1,-3.327499999999995,0.0,0.0,14,10,18
413,500.0,30.0,8.0,20.0,1,20.0,22.0,0,0,1,0.0,-1.0,24.0,1,-7.2914000000000065,0.0,0.0,14,10,18
652,,100.0,5.0,30.0,0,20.0,22.0,0,0,0,1.0,-1.0,48.0,2,-0.17602999999999924,1.0,0.0,14,10,18
879,10.0,10.0,20.0,20.0,0,20.0,22.0,0,0,1,0.0,1.0,24.0,2,-3.327499999999995,0.0,0.0,12,14,18
423,500.0,30.0,8.0,20.0,1,21.0,22.0,0,0,1,0.0,-1.0,12.0,1,-0.21439999999999837,0.0,0.0,14,10,18
132,30.0,42.14,14.45,15.55,0,22.0,22.0,0,0,0,1.0,-1.0,48.0,2,-1.2435999999999974,0.0,0.0,14,10,18
424,500.0,30.0,8.0,20.0,1,22.0,22.0,0,0,1,0.0,-1.0,12.0,2,0.9089999999999998,0.0,0.0,14,10,18
425,500.0,30.0,8.0,20.0,1,22.0,22.0,0,0,1,0.0,-1.0,12.0,1,0.9089999999999998,0.0,0.0,14,10,18
426,500.0,30.0,8.0,20.0,1,22.0,22.0,0,0,1,0.0,-1.0,24.0,2,-7.2914000000000065,0.0,0.0,14,10,18
427,500.0,30.0,8.0,20.0,1,22.0,22.0,0,0,1,0.0,-1.0,24.0,2,-8.161100000000008,0.0,0.0,14,10,18
719,10.0,10.0,5.0,40.0,0,12.0,21.0,0,0,0,1.0,-1.0,48.0,2,0.3181000000000002,1.0,0.0,14,10,18
739,10.0,,5.0,40.0,0,12.0,21.0,0,0,0,1.0,-1.0,48.0,2,0.3181000000000002,1.0,0.0,14,10,18
646,10.0,100.0,5.0,30.0,0,15.0,21.0,0,0,0,1.0,1.0,24.0,2,-3.327499999999995,0.0,0.0,12,14,18
651,10.0,100.0,5.0,30.0,0,19.0,21.0,0,0,0,1.0,1.0,240.0,1,1.5833,0.0,1.0,0,14,18
878,10.0,10.0,20.0,20.0,0,19.0,21.0,0,0,1,0.0,1.0,24.0,2,0.9089999999999998,0.0,0.0,12,14,18
417,500.0,30.0,8.0,20.0,1,21.0,21.0,0,0,1,0.0,1.0,0.16,1,-1.2991999999999946,1.0,2.0,12,14,18
418,500.0,30.0,8.0,20.0,1,21.0,21.0,0,0,1,0.0,-1.0,8.0,2,0.9089999999999998,0.0,0.0,14,10,18
419,500.0,30.0,8.0,20.0,1,21.0,21.0,0,0,1,0.0,-1.0,24.0,2,-1.1722999999999981,0.0,0.0,14,10,18
420,500.0,30.0,8.0,20.0,1,21.0,21.0,0,0,1,0.0,-1.0,168.0,2,-1.1722999999999981,0.0,0.0,14,10,18
421,500.0,30.0,8.0,20.0,1,21.0,21.0,0,0,1,0.0,-1.0,168.0,2,4.335420000000004,0.0,0.0,14,10,18
422,500.0,30.0,8.0,20.0,1,21.0,21.0,0,0,1,0.0,-1.0,12.0,2,-0.21439999999999837,0.0,0.0,14,10,18
258,500.0,30.0,8.0,20.0,1,7.0,20.0,0,0,1,0.0,1.0,0.16,1,1.2575999999999998,0.0,1.0,12,14,18
294,500.0,30.0,8.0,20.0,1,11.0,20.0,0,0,1,0.0,1.0,0.16,1,0.07349999999999995,0.0,1.0,12,14,18
717,10.0,10.0,5.0,40.0,0,11.0,20.0,0,0,0,1.0,-1.0,168.0,2,0.3181000000000002,1.0,0.0,14,10,18
737,10.0,,5.0,40.0,0,11.0,20.0,0,0,0,1.0,-1.0,168.0,2,0.3181000000000002,1.0,0.0,14,10,18
644,,100.0,5.0,30.0,0,12.0,20.0,0,0,0,1.0,-1.0,24.0,2,-0.17602999999999924,1.0,0.0,14,10,18
771,50.0,10.0,14.0,42.0,0,13.0,20.0,0,0,0,1.0,-1.0,168.0,2,0.9089999999999998,0.0,0.0,14,10,18
337,500.0,30.0,8.0,20.0,1,15.0,20.0,0,0,1,0.0,-1.0,24.0,1,-8.424200000000015,0.0,0.0,14,10,18
774,5.0,10.0,14.0,42.0,0,15.0,20.0,0,0,0,1.0,-1.0,12.0,2,1.5439999999999998,0.0,1.0,14,10,18
354,500.0,30.0,8.0,20.0,1,16.0,20.0,0,0,1,0.0,-1.0,24.0,1,1.785600000000004,0.0,0.0,14,10,18
649,,100.0,5.0,30.0,0,16.0,20.0,0,0,0,1.0,1.0,24.0,2,-0.17602999999999924,1.0,0.0,12,14,18
368,500.0,30.0,8.0,20.0,1,17.0,20.0,0,0,1,0.0,-1.0,168.0,2,-0.21439999999999837,0.0,0.0,14,10,18
386,500.0,30.0,8.0,20.0,1,18.0,20.0,0,0,1,0.0,-1.0,168.0,2,-4.953199999999996,1.0,1.0,14,10,18
650,,100.0,5.0,30.0,0,18.0,20.0,0,0,0,1.0,1.0,240.0,1,-0.17602999999999924,1.0,0.0,0,14,18
128,1.0,42.7,14.45,15.55,0,19.0,20.0,0,0,0,1.0,-1.0,48.0,2,1.89532,1.0,1.0,14,10,18
392,500.0,30.0,8.0,20.0,1,19.0,20.0,0,0,1,0.0,-1.0,12.0,2,-8.424200000000015,0.0,0.0,14,10,18
393,500.0,30.0,8.0,20.0,1,19.0,20.0,0,0,1,0.0,-1.0,24.0,1,-1.1722999999999981,0.0,0.0,14,10,18
394,500.0,30.0,8.0,20.0,1,19.0,20.0,0,0,1,0.0,-1.0,24.0,2,-0.21439999999999837,0.0,0.0,14,10,18
395,500.0,30.0,8.0,20.0,1,20.0,20.0,0,0,1,0.0,1.0,0.16,1,-8.424200000000015,0.0,0.0,12,14,18
396,500.0,30.0,8.0,20.0,1,20.0,20.0,0,0,1,0.0,-1.0,12.0,1,-8.424200000000015,0.0,0.0,14,10,18
397,500.0,30.0,8.0,20.0,1,20.0,20.0,0,0,1,0.0,-1.0,12.0,1,0.023700000000000443,1.0,0.0,14,10,18
398,500.0,30.0,8.0,20.0,1,20.0,20.0,0,0,1,0.0,1.0,24.0,2,-4.953199999999996,1.0,1.0,12,14,18
399,500.0,30.0,8.0,20.0,1,20.0,20.0,0,0,1,0.0,-1.0,12.0,2,-1.2991999999999946,1.0,2.0,14,10,18
400,500.0,30.0,8.0,20.0,1,20.0,20.0,0,0,1,0.0,-1.0,24.0,2,-1.2991999999999946,1.0,2.0,14,10,18
401,500.0,30.0,8.0,20.0,1,20.0,20.0,0,0,1,0.0,-1.0,24.0,2,-1.2991999999999946,1.0,2.0,14,10,18
402,500.0,30.0,8.0,20.0,1,20.0,20.0,0,0,1,0.0,-1.0,8.0,2,-1.2991999999999946,1.0,2.0,14,10,18
403,500.0,30.0,8.0,20.0,1,20.0,20.0,0,0,1,0.0,-1.0,12.0,2,-1.198999999999999,1.0,2.0,14,10,18
404,500.0,30.0,8.0,20.0,1,20.0,20.0,0,0,1,0.0,-1.0,12.0,1,-1.1722999999999981,0.0,0.0,14,10,18
405,500.0,30.0,8.0,20.0,1,20.0,20.0,0,0,1,0.0,-1.0,8.0,2,1.785600000000004,0.0,0.0,14,10,18
406,500.0,30.0,8.0,20.0,1,20.0,20.0,0,0,1,0.0,1.0,0.16,1,-3.327499999999995,0.0,0.0,12,14,18
407,500.0,30.0,8.0,20.0,1,20.0,20.0,0,0,1,0.0,-1.0,24.0,2,-3.327499999999995,0.0,0.0,14,10,18
408,500.0,30.0,8.0,20.0,1,20.0,20.0,0,0,1,0.0,-1.0,12.0,1,-3.4698999999999973,1.0,0.0,14,10,18
409,500.0,30.0,8.0,20.0,1,20.0,20.0,0,0,1,0.0,-1.0,8.0,2,-0.24029999999999685,1.0,0.0,14,10,18
410,500.0,30.0,8.0,20.0,1,20.0,20.0,0,0,1,0.0,-1.0,24.0,2,4.335420000000004,0.0,0.0,14,10,18
411,500.0,30.0,8.0,20.0,1,20.0,20.0,0,0,1,0.0,-1.0,24.0,2,-8.161100000000008,0.0,0.0,14,10,18
716,10.0,10.0,5.0,40.0,0,11.0,19.0,0,0,0,1.0,1.0,24.0,2,0.3181000000000002,1.0,0.0,12,14,18
736,10.0,,5.0,40.0,0,11.0,19.0,0,0,0,1.0,1.0,24.0,2,0.3181000000000002,1.0,0.0,12,14,18
309,500.0,30.0,8.0,20.0,1,13.0,19.0,0,0,1,0.0,-1.0,8.0,2,0.07349999999999995,0.0,1.0,14,10,18
721,10.0,10.0,5.0,40.0,0,13.0,19.0,0,0,0,1.0,-1.0,168.0,2,-7.2914000000000065,0.0,0.0,14,10,18
741,10.0,,5.0,40.0,0,13.0,19.0,0,0,0,1.0,-1.0,168.0,2,-7.2914000000000065,0.0,0.0,14,10,18
648,30.0,100.0,5.0,30.0,0,16.0,19.0,0,0,0,1.0,1.0,4.0,2,0.10620000000000512,0.0,0.0,12,14,18
384,500.0,30.0,8.0,20.0,1,18.0,19.0,0,0,1,0.0,1.0,24.0,2,0.3181000000000002,1.0,0.0,12,14,18
385,500.0,30.0,8.0,20.0,1,18.0,19.0,0,0,1,0.0,-1.0,48.0,2,0.10620000000000512,0.0,0.0,14,10,18
390,500.0,30.0,8.0,20.0,1,19.0,19.0,0,0,1,0.0,1.0,0.16,1,-1.1722999999999981,0.0,0.0,12,14,18
391,500.0,30.0,8.0,20.0,1,19.0,19.0,0,0,1,0.0,1.0,0.16,1,1.785600000000004,0.0,0.0,12,14,18
389,500.0,30.0,8.0,20.0,1,18.5,18.5,0,0,1,0.0,-1.0,24.0,2,-1.198999999999999,1.0,2.0,14,10,18
117,50.0,42.22,14.45,15.55,0,0.0,18.0,1,0,0,1.0,1.0,24.0,2,-0.09110000000000007,0.0,0.0,12,14,18
642,10.0,100.0,5.0,30.0,0,8.0,18.0,0,0,0,1.0,-1.0,24.0,2,1.5833,0.0,1.0,14,10,18
271,500.0,30.0,8.0,20.0,1,9.0,18.0,0,0,1,0.0,-1.0,48.0,2,-1.2991999999999946,1.0,2.0,14,10,18
283,500.0,30.0,8.0,20.0,1,10.0,18.0,0,0,1,0.0,-1.0,48.0,2,-8.424200000000015,0.0,0.0,14,10,18
645,10.0,100.0,5.0,30.0,0,14.0,18.0,0,0,0,1.0,-1.0,24.0,2,-3.327499999999995,0.0,0.0,14,10,18
334,500.0,30.0,8.0,20.0,1,15.0,18.0,0,0,1,0.0,-1.0,168.0,2,-1.198999999999999,1.0,2.0,14,10,18
335,500.0,30.0,8.0,20.0,1,15.0,18.0,0,0,1,0.0,-1.0,8.0,2,-1.198999999999999,1.0,2.0,14,10,18
336,500.0,30.0,8.0,20.0,1,15.0,18.0,0,0,1,0.0,-1.0,168.0,2,-0.24029999999999685,1.0,0.0,14,10,18
351,500.0,30.0,8.0,20.0,1,16.0,18.0,0,0,1,0.0,-1.0,8.0,2,-4.953199999999996,1.0,1.0,14,10,18
352,500.0,30.0,8.0,20.0,1,16.0,18.0,0,0,1,0.0,-1.0,24.0,2,-10.879699999999966,0.0,0.0,14,0,18
353,500.0,30.0,8.0,20.0,1,16.0,18.0,0,0,1,0.0,1.0,24.0,2,-8.161100000000008,0.0,0.0,12,14,18
647,30.0,100.0,5.0,30.0,0,16.0,18.0,0,0,0,1.0,-1.0,24.0,2,0.10620000000000512,0.0,0.0,14,10,18
369,500.0,30.0,8.0,20.0,1,18.0,18.0,0,0,1,0.0,-1.0,24.0,1,-4.953199999999996,1.0,1.0,14,10,18
370,500.0,30.0,8.0,20.0,1,18.0,18.0,0,0,1,0.0,-1.0,24.0,2,-1.198999999999999,1.0,2.0,14,10,18
371,500.0,30.0,8.0,20.0,1,18.0,18.0,0,0,1,0.0,-1.0,12.0,2,-1.1722999999999981,0.0,0.0,14,10,18
372,500.0,30.0,8.0,20.0,1,18.0,18.0,0,0,1,0.0,-1.0,24.0,2,1.785600000000004,0.0,0.0,14,10,18
373,500.0,30.0,8.0,20.0,1,18.0,18.0,0,0,1,0.0,-1.0,48.0,2,0.3736999999999999,1.0,0.0,14,10,18
374,500.0,30.0,8.0,20.0,1,18.0,18.0,0,0,1,0.0,1.0,24.0,2,0.3736999999999999,1.0,0.0,12,14,18
375,500.0,30.0,8.0,20.0,1,18.0,18.0,0,0,1,0.0,-1.0,24.0,2,-3.327499999999995,0.0,0.0,14,10,18
376,500.0,30.0,8.0,20.0,1,18.0,18.0,0,0,1,0.0,-1.0,12.0,2,-7.2914000000000065,0.0,0.0,14,10,18
377,500.0,30.0,8.0,20.0,1,18.0,18.0,0,0,1,0.0,-1.0,12.0,2,-0.24029999999999685,1.0,0.0,14,10,18
378,500.0,30.0,8.0,20.0,1,18.0,18.0,0,0,1,0.0,-1.0,24.0,2,-0.24029999999999685,1.0,0.0,14,10,18
379,500.0,30.0,8.0,20.0,1,18.0,18.0,0,0,1,0.0,-1.0,24.0,2,-0.24029999999999685,1.0,0.0,14,10,18
380,500.0,30.0,8.0,20.0,1,18.0,18.0,0,0,1,0.0,-1.0,8.0,2,4.335420000000004,0.0,0.0,14,10,18
381,500.0,30.0,8.0,20.0,1,18.0,18.0,0,0,1,0.0,-1.0,24.0,2,-0.21439999999999837,0.0,0.0,14,10,18
382,500.0,30.0,8.0,20.0,1,18.0,18.0,0,0,1,0.0,-1.0,24.0,2,-0.21439999999999837,0.0,0.0,14,10,18
383,500.0,30.0,8.0,20.0,1,18.0,18.0,0,0,1,0.0,-1.0,24.0,1,0.10620000000000512,0.0,0.0,14,10,18
775,30.0,10.0,14.0,42.0,0,18.0,18.0,0,0,0,1.0,1.0,24.0,2,1.5833,0.0,1.0,12,14,18
640,30.0,100.0,5.0,30.0,0,0.0,17.0,1,0,0,1.0,-1.0,24.0,2,0.10620000000000512,0.0,0.0,14,10,18
257,500.0,30.0,8.0,20.0,1,7.0,17.0,0,0,1,0.0,-1.0,24.0,2,0.9089999999999998,0.0,0.0,14,10,18
715,10.0,10.0,5.0,40.0,0,10.0,17.0,0,0,0,1.0,1.0,240.0,1,0.3181000000000002,1.0,0.0,0,14,18
735,10.0,,5.0,40.0,0,10.0,17.0,0,0,0,1.0,1.0,240.0,1,0.3181000000000002,1.0,0.0,0,14,18
318,500.0,30.0,8.0,20.0,1,14.0,17.0,0,0,1,0.0,-1.0,24.0,2,-4.953199999999996,1.0,1.0,14,10,18
348,500.0,30.0,8.0,20.0,1,16.0,17.0,0,0,1,0.0,-1.0,24.0,1,-1.2991999999999946,1.0,2.0,14,10,18
349,500.0,30.0,8.0,20.0,1,16.0,17.0,0,0,1,0.0,1.0,24.0,2,-7.2914000000000065,0.0,0.0,12,14,18
350,500.0,30.0,8.0,20.0,1,16.0,17.0,0,0,1,0.0,-1.0,48.0,2,1.2575999999999998,0.0,1.0,14,10,18
355,500.0,30.0,8.0,20.0,1,17.0,17.0,0,0,1,0.0,-1.0,24.0,2,-8.424200000000015,0.0,0.0,14,10,18
356,500.0,30.0,8.0,20.0,1,17.0,17.0,0,0,1,0.0,-1.0,24.0,2,-8.424200000000015,0.0,0.0,14,10,18
357,500.0,30.0,8.0,20.0,1,17.0,17.0,0,0,1,0.0,-1.0,24.0,2,-1.2991999999999946,1.0,2.0,14,10,18
358,500.0,30.0,8.0,20.0,1,17.0,17.0,0,0,1,0.0,1.0,24.0,2,-1.198999999999999,1.0,2.0,12,14,18
359,500.0,30.0,8.0,20.0,1,17.0,17.0,0,0,1,0.0,-1.0,24.0,2,0.9089999999999998,0.0,0.0,14,10,18
360,500.0,30.0,8.0,20.0,1,17.0,17.0,0,0,1,0.0,-1.0,24.0,2,0.3736999999999999,1.0,0.0,14,10,18
361,500.0,30.0,8.0,20.0,1,17.0,17.0,0,0,1,0.0,-1.0,12.0,2,-3.327499999999995,0.0,0.0,14,10,18
362,500.0,30.0,8.0,20.0,1,17.0,17.0,0,0,1,0.0,-1.0,48.0,2,-3.327499999999995,0.0,0.0,14,10,18
363,500.0,30.0,8.0,20.0,1,17.0,17.0,0,0,1,0.0,1.0,24.0,2,-3.327499999999995,0.0,0.0,12,14,18
364,500.0,30.0,8.0,20.0,1,17.0,17.0,0,0,1,0.0,-1.0,24.0,2,-7.2914000000000065,0.0,0.0,14,10,18
365,500.0,30.0,8.0,20.0,1,17.0,17.0,0,0,1,0.0,-1.0,24.0,2,-0.24029999999999685,1.0,0.0,14,10,18
366,500.0,30.0,8.0,20.0,1,17.0,17.0,0,0,1,0.0,-1.0,24.0,1,4.335420000000004,0.0,0.0,14,10,18
367,500.0,30.0,8.0,20.0,1,17.0,17.0,0,0,1,0.0,-1.0,24.0,2,-0.21439999999999837,0.0,0.0,14,10,18
636,2.5,100.0,5.0,30.0,0,0.0,16.0,1,0,0,1.0,1.0,24.0,2,1.2575999999999998,0.0,1.0,12,14,18
637,10.0,100.0,5.0,30.0,0,0.0,16.0,1,0,0,1.0,-1.0,24.0,2,-3.327499999999995,0.0,0.0,14,10,18
252,500.0,30.0,8.0,20.0,1,7.0,16.0,0,0,1,0.0,-1.0,24.0,2,-7.2914000000000065,0.0,0.0,14,10,18
253,500.0,30.0,8.0,20.0,1,7.0,16.0,0,0,1,0.0,-1.0,24.0,2,0.07349999999999995,0.0,1.0,14,10,18
254,500.0,30.0,8.0,20.0,1,7.0,16.0,0,0,1,0.0,-1.0,24.0,2,-3.4698999999999973,1.0,0.0,14,10,18
255,500.0,30.0,8.0,20.0,1,7.0,16.0,0,0,1,0.0,-1.0,24.0,2,1.2575999999999998,0.0,1.0,14,10,18
256,500.0,30.0,8.0,20.0,1,7.0,16.0,0,0,1,0.0,-1.0,24.0,2,0.10620000000000512,0.0,0.0,14,10,18
264,500.0,30.0,8.0,20.0,1,8.0,16.0,0,0,1,0.0,-1.0,24.0,2,0.3181000000000002,1.0,0.0,14,10,18
718,10.0,10.0,5.0,40.0,0,12.0,16.0,0,0,0,1.0,-1.0,48.0,2,-7.2914000000000065,0.0,0.0,14,10,18
738,10.0,,5.0,40.0,0,12.0,16.0,0,0,0,1.0,-1.0,48.0,2,-7.2914000000000065,0.0,0.0,14,10,18
720,10.0,10.0,5.0,40.0,0,13.0,16.0,0,0,0,1.0,-1.0,48.0,2,1.785600000000004,0.0,0.0,14,10,18
740,10.0,,5.0,40.0,0,13.0,16.0,0,0,0,1.0,-1.0,48.0,2,1.785600000000004,0.0,0.0,14,10,18
317,500.0,30.0,8.0,20.0,1,14.0,16.0,0,0,1,0.0,-1.0,48.0,2,-7.2914000000000065,0.0,0.0,14,10,18
333,500.0,30.0,8.0,20.0,1,15.0,16.0,0,0,1,0.0,1.0,0.16,1,-4.953199999999996,1.0,1.0,12,14,18
773,30.0,10.0,14.0,42.0,0,15.0,16.0,0,0,0,1.0,-1.0,12.0,2,1.4230200000000002,0.0,2.0,14,10,18
338,500.0,30.0,8.0,20.0,1,16.0,16.0,0,0,1,0.0,-1.0,24.0,2,0.023700000000000443,1.0,0.0,14,10,18
339,500.0,30.0,8.0,20.0,1,16.0,16.0,0,0,1,0.0,-1.0,24.0,2,-4.953199999999996,1.0,1.0,14,10,18
340,500.0,30.0,8.0,20.0,1,16.0,16.0,0,0,1,0.0,-1.0,168.0,2,-1.2991999999999946,1.0,2.0,14,10,18
341,500.0,30.0,8.0,20.0,1,16.0,16.0,0,0,1,0.0,-1.0,24.0,2,-1.198999999999999,1.0,2.0,14,10,18
342,500.0,30.0,8.0,20.0,1,16.0,16.0,0,0,1,0.0,-1.0,24.0,2,0.9089999999999998,0.0,0.0,14,10,18
343,500.0,30.0,8.0,20.0,1,16.0,16.0,0,0,1,0.0,-1.0,24.0,2,-10.879699999999966,0.0,0.0,14,10,18
344,500.0,30.0,8.0,20.0,1,16.0,16.0,0,0,1,0.0,1.0,0.16,1,4.335420000000004,0.0,0.0,12,14,18
345,500.0,30.0,8.0,20.0,1,16.0,16.0,0,0,1,0.0,-1.0,24.0,2,4.335420000000004,0.0,0.0,14,10,18
346,500.0,30.0,8.0,20.0,1,16.0,16.0,0,0,1,0.0,-1.0,24.0,2,-8.161100000000008,0.0,0.0,14,10,18
347,500.0,30.0,8.0,20.0,1,16.0,16.0,0,0,1,0.0,-1.0,12.0,2,1.2575999999999998,0.0,1.0,14,10,18
692,30.0,10.0,5.0,32.0,0,16.0,16.0,0,0,0,1.0,1.0,24.0,2,0.4449000000000012,1.0,0.0,12,14,18
282,500.0,30.0,8.0,20.0,1,10.0,15.3,0,0,1,0.0,-1.0,24.0,2,4.335420000000004,0.0,0.0,14,10,18
634,10.0,100.0,5.0,30.0,0,0.0,15.0,1,0,0,1.0,-1.0,24.0,2,1.5833,0.0,1.0,14,10,18
635,2.5,100.0,5.0,30.0,0,0.0,15.0,1,0,0,1.0,1.0,24.0,2,1.2575999999999998,0.0,1.0,12,14,18
247,500.0,30.0,8.0,20.0,1,7.0,15.0,0,0,1,0.0,-1.0,24.0,2,0.3181000000000002,1.0,0.0,14,10,18
248,500.0,30.0,8.0,20.0,1,7.0,15.0,0,0,1,0.0,-1.0,24.0,2,0.3736999999999999,1.0,0.0,14,10,18
249,500.0,30.0,8.0,20.0,1,7.0,15.0,0,0,1,0.0,-1.0,24.0,2,-0.24029999999999685,1.0,0.0,14,10,18
250,500.0,30.0,8.0,20.0,1,7.0,15.0,0,0,1,0.0,-1.0,24.0,1,-0.24029999999999685,1.0,0.0,14,10,18
251,500.0,30.0,8.0,20.0,1,7.0,15.0,0,0,1,0.0,-1.0,8.0,2,1.2575999999999998,0.0,1.0,14,10,18
641,10.0,100.0,5.0,30.0,0,8.0,15.0,0,0,0,1.0,1.0,24.0,2,-3.327499999999995,0.0,0.0,12,14,18
770,15.0,10.0,14.0,42.0,0,10.0,15.0,0,0,0,1.0,1.0,24.0,2,1.785600000000004,0.0,0.0,12,14,18
293,500.0,30.0,8.0,20.0,1,11.0,15.0,0,0,1,0.0,1.0,24.0,2,-8.424200000000015,0.0,0.0,12,14,18
308,500.0,30.0,8.0,20.0,1,13.0,15.0,0,0,1,0.0,-1.0,24.0,2,-1.198999999999999,1.0,2.0,14,10,18
772,10.0,10.0,14.0,42.0,0,14.0,15.0,0,0,0,1.0,1.0,24.0,2,-3.327499999999995,0.0,0.0,12,14,18
320,500.0,30.0,8.0,20.0,1,15.0,15.0,0,0,1,0.0,-1.0,24.0,2,-4.953199999999996,1.0,1.0,14,10,18
321,500.0,30.0,8.0,20.0,1,15.0,15.0,0,0,1,0.0,-1.0,24.0,2,-4.953199999999996,1.0,1.0,14,10,18
322,500.0,30.0,8.0,20.0,1,15.0,15.0,0,0,1,0.0,-1.0,24.0,1,-1.198999999999999,1.0,2.0,14,10,18
323,500.0,30.0,8.0,20.0,1,15.0,15.0,0,0,1,0.0,-1.0,24.0,2,0.3736999999999999,1.0,0.0,14,10,18
324,500.0,30.0,8.0,20.0,1,15.0,15.0,0,0,1,0.0,1.0,24.0,2,-3.4698999999999973,1.0,0.0,12,14,18
325,500.0,30.0,8.0,20.0,1,15.0,15.0,0,0,1,0.0,-1.0,8.0,2,-3.4698999999999973,1.0,0.0,14,10,18
326,500.0,30.0,8.0,20.0,1,15.0,15.0,0,0,1,0.0,-1.0,48.0,2,-0.24029999999999685,1.0,0.0,14,10,18
327,500.0,30.0,8.0,20.0,1,15.0,15.0,0,0,1,0.0,1.0,24.0,2,-0.24029999999999685,1.0,0.0,12,14,18
328,500.0,30.0,8.0,20.0,1,15.0,15.0,0,0,1,0.0,-1.0,24.0,2,-10.879699999999966,0.0,0.0,14,10,18
329,500.0,30.0,8.0,20.0,1,15.0,15.0,0,0,1,0.0,-1.0,48.0,2,4.335420000000004,0.0,0.0,14,10,18
330,500.0,30.0,8.0,20.0,1,15.0,15.0,0,0,1,0.0,-1.0,24.0,2,4.335420000000004,0.0,0.0,14,10,18
331,500.0,30.0,8.0,20.0,1,15.0,15.0,0,0,1,0.0,-1.0,24.0,2,4.335420000000004,0.0,0.0,14,10,18
332,500.0,30.0,8.0,20.0,1,15.0,15.0,0,0,1,0.0,1.0,24.0,2,0.10620000000000512,0.0,0.0,12,14,18
691,30.0,10.0,5.0,32.0,0,15.0,15.0,0,0,0,1.0,-1.0,48.0,2,0.4449000000000012,1.0,0.0,14,10,18
630,,100.0,5.0,30.0,0,0.0,14.0,1,0,0,1.0,-1.0,24.0,2,-0.17602999999999924,1.0,0.0,14,10,18
631,10.0,100.0,5.0,30.0,0,0.0,14.0,1,0,0,1.0,1.0,24.0,2,1.5833,0.0,1.0,12,14,18
632,10.0,100.0,5.0,30.0,0,0.0,14.0,1,0,0,1.0,-1.0,48.0,2,1.5833,0.0,1.0,14,10,18
633,30.0,100.0,5.0,30.0,0,0.0,14.0,1,0,0,1.0,1.0,24.0,2,0.10620000000000512,0.0,0.0,12,14,18
767,10.0,10.0,14.0,42.0,0,0.0,14.0,1,0,0,1.0,1.0,24.0,2,-3.4698999999999973,1.0,0.0,12,14,18
245,500.0,30.0,8.0,20.0,1,7.0,14.0,0,0,1,0.0,-1.0,24.0,2,1.785600000000004,0.0,0.0,14,10,18
246,500.0,30.0,8.0,20.0,1,7.0,14.0,0,0,1,0.0,-1.0,48.0,2,1.4230200000000002,0.0,2.0,14,10,18
686,10.0,10.0,5.0,32.0,0,7.5,14.0,0,0,0,1.0,1.0,24.0,2,0.023700000000000443,1.0,0.0,12,14,18
270,500.0,30.0,8.0,20.0,1,9.0,14.0,0,0,1,0.0,-1.0,12.0,1,1.4230200000000002,0.0,2.0,14,10,18
281,500.0,30.0,8.0,20.0,1,10.0,14.0,0,0,1,0.0,1.0,0.16,1,-0.24029999999999685,1.0,0.0,12,14,18
690,5.0,10.0,5.0,32.0,0,10.0,14.0,0,0,0,1.0,1.0,24.0,2,1.785600000000004,0.0,0.0,12,14,18
292,500.0,30.0,8.0,20.0,1,11.0,14.0,0,0,1,0.0,-1.0,8.0,2,-10.879699999999966,0.0,0.0,14,10,18
299,500.0,30.0,8.0,20.0,1,12.0,14.0,0,0,1,0.0,-1.0,24.0,2,-3.327499999999995,0.0,0.0,14,10,18
307,500.0,30.0,8.0,20.0,1,13.0,14.0,0,0,1,0.0,-1.0,8.0,2,0.3181000000000002,1.0,0.0,14,10,18
310,500.0,30.0,8.0,20.0,1,14.0,14.0,0,0,1,0.0,-1.0,12.0,2,0.3181000000000002,1.0,0.0,14,10,18
311,500.0,30.0,8.0,20.0,1,14.0,14.0,0,0,1,0.0,1.0,0.16,1,-1.198999999999999,1.0,2.0,12,14,18
312,500.0,30.0,8.0,20.0,1,14.0,14.0,0,0,1,0.0,-1.0,168.0,2,0.3736999999999999,1.0,0.0,14,10,18
313,500.0,30.0,8.0,20.0,1,14.0,14.0,0,0,1,0.0,-1.0,24.0,2,1.4230200000000002,0.0,2.0,14,0,18
314,500.0,30.0,8.0,20.0,1,14.0,14.0,0,0,1,0.0,-1.0,24.0,2,-3.4698999999999973,1.0,0.0,14,10,18
315,500.0,30.0,8.0,20.0,1,14.0,14.0,0,0,1,0.0,-1.0,24.0,2,-10.879699999999966,0.0,0.0,14,10,18
316,500.0,30.0,8.0,20.0,1,14.0,14.0,0,0,1,0.0,-1.0,12.0,1,-10.879699999999966,0.0,0.0,14,10,18
622,2.5,100.0,5.0,30.0,0,0.0,13.0,1,0,0,1.0,-1.0,24.0,2,1.2575999999999998,0.0,1.0,14,10,18
623,30.0,100.0,5.0,30.0,0,0.0,13.0,1,0,0,1.0,-1.0,24.0,2,0.10620000000000512,0.0,0.0,14,10,18
624,2.5,100.0,5.0,30.0,0,0.0,13.0,1,0,0,1.0,-1.0,24.0,2,1.2575999999999998,0.0,1.0,14,10,18
625,2.5,100.0,5.0,30.0,0,0.0,13.0,1,0,0,1.0,1.0,4.0,2,1.2575999999999998,0.0,1.0,12,14,18
626,30.0,100.0,5.0,30.0,0,0.0,13.0,1,0,0,1.0,1.0,24.0,2,0.10620000000000512,0.0,0.0,12,14,18
627,2.5,100.0,5.0,30.0,0,0.0,13.0,1,0,0,1.0,1.0,240.0,1,1.2575999999999998,0.0,1.0,0,14,18
628,2.5,100.0,5.0,30.0,0,0.0,13.0,1,0,0,1.0,-1.0,48.0,2,1.2575999999999998,0.0,1.0,14,10,18
629,30.0,100.0,5.0,30.0,0,0.0,13.0,1,0,0,1.0,-1.0,48.0,2,0.10620000000000512,0.0,0.0,14,10,18
685,30.0,10.0,5.0,32.0,0,0.0,13.0,1,0,0,1.0,1.0,24.0,2,0.10620000000000512,0.0,0.0,12,14,18
234,500.0,30.0,8.0,20.0,1,7.0,13.0,0,0,1,0.0,-1.0,24.0,2,1.785600000000004,0.0,0.0,14,10,18
235,500.0,30.0,8.0,20.0,1,7.0,13.0,0,0,1,0.0,-1.0,168.0,2,1.785600000000004,0.0,0.0,14,10,18
236,500.0,30.0,8.0,20.0,1,7.0,13.0,0,0,1,0.0,-1.0,24.0,2,1.4230200000000002,0.0,2.0,14,10,18
237,500.0,30.0,8.0,20.0,1,7.0,13.0,0,0,1,0.0,-1.0,24.0,1,1.4230200000000002,0.0,2.0,14,10,18
238,500.0,30.0,8.0,20.0,1,7.0,13.0,0,0,1,0.0,-1.0,24.0,1,0.07349999999999995,0.0,1.0,14,10,18
239,500.0,30.0,8.0,20.0,1,7.0,13.0,0,0,1,0.0,-1.0,24.0,2,-3.4698999999999973,1.0,0.0,14,10,18
240,500.0,30.0,8.0,20.0,1,7.0,13.0,0,0,1,0.0,-1.0,24.0,2,-3.4698999999999973,1.0,0.0,14,10,18
241,500.0,30.0,8.0,20.0,1,7.0,13.0,0,0,1,0.0,-1.0,24.0,2,1.2575999999999998,0.0,1.0,14,10,18
242,500.0,30.0,8.0,20.0,1,7.0,13.0,0,0,1,0.0,-1.0,24.0,1,1.2575999999999998,0.0,1.0,14,10,18
243,500.0,30.0,8.0,20.0,1,7.0,13.0,0,0,1,0.0,-1.0,12.0,1,1.2575999999999998,0.0,1.0,14,10,18
244,500.0,30.0,8.0,20.0,1,7.0,13.0,0,0,1,0.0,-1.0,24.0,2,0.10620000000000512,0.0,0.0,14,10,18
280,500.0,30.0,8.0,20.0,1,10.0,13.0,0,0,1,0.0,-1.0,24.0,2,-4.953199999999996,1.0,1.0,14,10,18
769,30.0,10.0,14.0,42.0,0,10.0,13.0,0,0,0,1.0,1.0,24.0,2,5.6661000000000055,0.0,0.0,12,14,18
291,500.0,30.0,8.0,20.0,1,11.0,13.0,0,0,1,0.0,-1.0,24.0,1,0.3181000000000002,1.0,0.0,14,10,18
298,500.0,30.0,8.0,20.0,1,12.0,13.0,0,0,1,0.0,-1.0,24.0,2,0.3736999999999999,1.0,0.0,14,10,18
301,500.0,30.0,8.0,20.0,1,13.0,13.0,0,0,1,0.0,-1.0,24.0,2,-1.1722999999999981,0.0,0.0,14,10,18
302,500.0,30.0,8.0,20.0,1,13.0,13.0,0,0,1,0.0,-1.0,12.0,2,0.3736999999999999,1.0,0.0,14,10,18
303,500.0,30.0,8.0,20.0,1,13.0,13.0,0,0,1,0.0,-1.0,24.0,2,-3.4698999999999973,1.0,0.0,14,10,18
304,500.0,30.0,8.0,20.0,1,13.0,13.0,0,0,1,0.0,-1.0,12.0,2,-10.879699999999966,0.0,0.0,14,10,18
305,500.0,30.0,8.0,20.0,1,13.0,13.0,0,0,1,0.0,-1.0,12.0,2,4.335420000000004,0.0,0.0,14,10,18
306,500.0,30.0,8.0,20.0,1,13.0,13.0,0,0,1,0.0,-1.0,12.0,1,4.335420000000004,0.0,0.0,14,10,18
621,2.5,100.0,5.0,30.0,0,0.0,12.0,1,0,0,1.0,-1.0,24.0,2,1.2575999999999998,0.0,1.0,14,10,18
684,10.0,10.0,5.0,32.0,0,0.0,12.0,1,0,0,1.0,1.0,24.0,2,-3.4698999999999973,1.0,0.0,12,14,18
766,25.0,10.0,14.0,42.0,0,0.0,12.0,1,0,0,1.0,-1.0,48.0,2,0.3181000000000002,1.0,0.0,14,10,18
228,500.0,30.0,8.0,20.0,1,7.0,12.0,0,0,1,0.0,-1.0,24.0,2,0.023700000000000443,1.0,0.0,14,10,18
229,500.0,30.0,8.0,20.0,1,7.0,12.0,0,0,1,0.0,-1.0,168.0,2,0.023700000000000443,1.0,0.0,14,10,18
230,500.0,30.0,8.0,20.0,1,7.0,12.0,0,0,1,0.0,-1.0,24.0,2,0.3181000000000002,1.0,0.0,14,10,18
231,500.0,30.0,8.0,20.0,1,7.0,12.0,0,0,1,0.0,-1.0,24.0,2,0.9089999999999998,0.0,0.0,14,10,18
232,500.0,30.0,8.0,20.0,1,7.0,12.0,0,0,1,0.0,-1.0,12.0,2,-3.4698999999999973,1.0,0.0,14,10,18
233,500.0,30.0,8.0,20.0,1,7.0,12.0,0,0,1,0.0,-1.0,24.0,2,0.10620000000000512,0.0,0.0,14,10,18
687,10.0,10.0,5.0,32.0,0,8.0,12.0,0,0,0,1.0,-1.0,48.0,2,-3.4698999999999973,1.0,0.0,14,10,18
688,5.0,10.0,5.0,32.0,0,8.0,12.0,0,0,0,1.0,-1.0,48.0,2,1.785600000000004,0.0,0.0,14,10,18
269,500.0,30.0,8.0,20.0,1,9.0,12.0,0,0,1,0.0,1.0,0.16,1,1.4230200000000002,0.0,2.0,12,14,18
643,10.0,100.0,5.0,30.0,0,9.0,12.0,0,0,0,1.0,-1.0,48.0,2,-3.327499999999995,0.0,0.0,14,10,18
279,500.0,30.0,8.0,20.0,1,10.0,12.0,0,0,1,0.0,-1.0,24.0,2,0.07349999999999995,0.0,1.0,14,10,18
689,10.0,10.0,5.0,32.0,0,10.0,12.0,0,0,0,1.0,-1.0,48.0,2,0.023700000000000443,1.0,0.0,14,10,18
287,500.0,30.0,8.0,20.0,1,11.0,12.0,0,0,1,0.0,-1.0,24.0,2,-1.1722999999999981,0.0,0.0,14,10,18
288,500.0,30.0,8.0,20.0,1,11.0,12.0,0,0,1,0.0,-1.0,12.0,2,1.4230200000000002,0.0,2.0,14,10,18
289,500.0,30.0,8.0,20.0,1,11.0,12.0,0,0,1,0.0,-1.0,8.0,2,1.4230200000000002,0.0,2.0,14,10,18
290,500.0,30.0,8.0,20.0,1,11.0,12.0,0,0,1,0.0,-1.0,24.0,1,-10.879699999999966,0.0,0.0,14,10,18
295,500.0,30.0,8.0,20.0,1,12.0,12.0,0,0,1,0.0,-1.0,48.0,2,0.023700000000000443,1.0,0.0,14,10,18
296,500.0,30.0,8.0,20.0,1,12.0,12.0,0,0,1,0.0,-1.0,48.0,2,-1.1722999999999981,0.0,0.0,14,10,18
297,500.0,30.0,8.0,20.0,1,12.0,12.0,0,0,1,0.0,-1.0,24.0,2,0.10620000000000512,0.0,0.0,14,10,18
219,500.0,30.0,8.0,20.0,1,7.0,11.0,0,0,1,0.0,-1.0,24.0,2,1.785600000000004,0.0,0.0,14,10,18
220,500.0,30.0,8.0,20.0,1,7.0,11.0,0,0,1,0.0,-1.0,24.0,2,1.785600000000004,0.0,0.0,14,10,18
221,500.0,30.0,8.0,20.0,1,7.0,11.0,0,0,1,0.0,1.0,24.0,2,1.4230200000000002,0.0,2.0,12,14,18
222,500.0,30.0,8.0,20.0,1,7.0,11.0,0,0,1,0.0,-1.0,24.0,2,0.07349999999999995,0.0,1.0,14,10,18
223,500.0,30.0,8.0,20.0,1,7.0,11.0,0,0,1,0.0,-1.0,24.0,2,0.07349999999999995,0.0,1.0,14,10,18
224,500.0,30.0,8.0,20.0,1,7.0,11.0,0,0,1,0.0,1.0,0.16,1,-3.4698999999999973,1.0,0.0,12,14,18
225,500.0,30.0,8.0,20.0,1,7.0,11.0,0,0,1,0.0,-1.0,24.0,1,-3.4698999999999973,1.0,0.0,14,10,18
226,500.0,30.0,8.0,20.0,1,7.0,11.0,0,0,1,0.0,-1.0,24.0,2,1.2575999999999998,0.0,1.0,14,10,18
227,500.0,30.0,8.0,20.0,1,7.0,11.0,0,0,1,0.0,-1.0,24.0,2,1.2575999999999998,0.0,1.0,14,10,18
712,10.0,10.0,5.0,40.0,0,9.0,11.0,0,0,0,1.0,1.0,24.0,2,-7.2914000000000065,0.0,0.0,12,14,18
732,10.0,,5.0,40.0,0,9.0,11.0,0,0,0,1.0,1.0,24.0,2,-7.2914000000000065,0.0,0.0,12,14,18
713,10.0,10.0,5.0,40.0,0,10.0,11.0,0,0,0,1.0,1.0,240.0,1,0.9089999999999998,0.0,0.0,0,14,18
714,10.0,10.0,5.0,40.0,0,10.0,11.0,0,0,0,1.0,1.0,240.0,1,-7.2914000000000065,0.0,0.0,0,14,18
733,10.0,,5.0,40.0,0,10.0,11.0,0,0,0,1.0,1.0,240.0,1,0.9089999999999998,0.0,0.0,0,14,18
734,10.0,,5.0,40.0,0,10.0,11.0,0,0,0,1.0,1.0,240.0,1,-7.2914000000000065,0.0,0.0,0,14,18
284,500.0,30.0,8.0,20.0,1,11.0,11.0,0,0,1,0.0,-1.0,8.0,2,0.023700000000000443,1.0,0.0,14,10,18
285,500.0,30.0,8.0,20.0,1,11.0,11.0,0,0,1,0.0,-1.0,24.0,2,-1.198999999999999,1.0,2.0,14,10,18
286,500.0,30.0,8.0,20.0,1,11.0,11.0,0,0,1,0.0,1.0,24.0,2,-1.1722999999999981,0.0,0.0,12,14,18
683,30.0,10.0,5.0,32.0,0,0.0,10.0,1,0,0,1.0,-1.0,48.0,2,0.10620000000000512,0.0,0.0,14,10,18
765,15.0,10.0,14.0,42.0,0,0.0,10.0,1,0,0,1.0,-1.0,48.0,2,1.785600000000004,0.0,0.0,14,10,18
210,500.0,30.0,8.0,20.0,1,7.0,10.0,0,0,1,0.0,-1.0,24.0,2,0.023700000000000443,1.0,0.0,14,10,18
211,500.0,30.0,8.0,20.0,1,7.0,10.0,0,0,1,0.0,-1.0,24.0,1,0.023700000000000443,1.0,0.0,14,10,18
212,500.0,30.0,8.0,20.0,1,7.0,10.0,0,0,1,0.0,1.0,24.0,2,0.023700000000000443,1.0,0.0,12,14,18
213,500.0,30.0,8.0,20.0,1,7.0,10.0,0,0,1,0.0,1.0,24.0,2,0.9089999999999998,0.0,0.0,12,14,18
214,500.0,30.0,8.0,20.0,1,7.0,10.0,0,0,1,0.0,-1.0,24.0,2,-7.2914000000000065,0.0,0.0,14,10,18
215,500.0,30.0,8.0,20.0,1,7.0,10.0,0,0,1,0.0,-1.0,168.0,2,-7.2914000000000065,0.0,0.0,14,10,18
216,500.0,30.0,8.0,20.0,1,7.0,10.0,0,0,1,0.0,-1.0,24.0,2,1.4230200000000002,0.0,2.0,14,10,18
217,500.0,30.0,8.0,20.0,1,7.0,10.0,0,0,1,0.0,-1.0,168.0,2,-8.161100000000008,0.0,0.0,14,10,18
218,500.0,30.0,8.0,20.0,1,7.0,10.0,0,0,1,0.0,1.0,24.0,2,1.2575999999999998,0.0,1.0,12,14,18
768,10.0,10.0,14.0,42.0,0,7.0,10.0,0,0,0,1.0,1.0,24.0,2,-3.327499999999995,0.0,0.0,12,14,18
263,500.0,30.0,8.0,20.0,1,8.0,10.0,0,0,1,0.0,-1.0,168.0,2,1.4230200000000002,0.0,2.0,14,10,18
710,10.0,10.0,5.0,40.0,0,9.0,10.0,0,0,0,1.0,1.0,24.0,2,0.9089999999999998,0.0,0.0,12,14,18
711,10.0,10.0,5.0,40.0,0,9.0,10.0,0,0,0,1.0,1.0,24.0,2,1.785600000000004,0.0,0.0,12,14,18
730,10.0,,5.0,40.0,0,9.0,10.0,0,0,0,1.0,1.0,24.0,2,0.9089999999999998,0.0,0.0,12,14,18
731,10.0,,5.0,40.0,0,9.0,10.0,0,0,0,1.0,1.0,24.0,2,1.785600000000004,0.0,0.0,12,14,18
272,500.0,30.0,8.0,20.0,1,10.0,10.0,0,0,1,0.0,1.0,0.16,1,0.023700000000000443,1.0,0.0,12,14,18
273,500.0,30.0,8.0,20.0,1,10.0,10.0,0,0,1,0.0,-1.0,24.0,2,0.023700000000000443,1.0,0.0,14,10,18
274,500.0,30.0,8.0,20.0,1,10.0,10.0,0,0,1,0.0,-1.0,24.0,2,0.3181000000000002,1.0,0.0,14,10,18
275,500.0,30.0,8.0,20.0,1,10.0,10.0,0,0,1,0.0,-1.0,24.0,2,0.9089999999999998,0.0,0.0,14,10,18
276,500.0,30.0,8.0,20.0,1,10.0,10.0,0,0,1,0.0,-1.0,24.0,2,-1.1722999999999981,0.0,0.0,14,10,18
277,500.0,30.0,8.0,20.0,1,10.0,10.0,0,0,1,0.0,-1.0,48.0,2,-3.4698999999999973,1.0,0.0,14,10,18
278,500.0,30.0,8.0,20.0,1,10.0,10.0,0,0,1,0.0,-1.0,24.0,2,-10.879699999999966,0.0,0.0,14,10,18
681,300.0,10.0,5.0,32.0,0,0.0,9.0,1,0,0,1.0,-1.0,48.0,2,0.3895000000000004,0.0,0.0,14,10,18
682,300.0,10.0,5.0,32.0,0,0.0,9.0,1,0,0,1.0,1.0,24.0,2,0.3895000000000004,0.0,0.0,12,14,18
204,500.0,30.0,8.0,20.0,1,7.0,9.0,0,0,1,0.0,-1.0,24.0,2,0.023700000000000443,1.0,0.0,14,10,18
205,500.0,30.0,8.0,20.0,1,7.0,9.0,0,0,1,0.0,-1.0,168.0,2,-3.327499999999995,0.0,0.0,14,10,18
206,500.0,30.0,8.0,20.0,1,7.0,9.0,0,0,1,0.0,-1.0,24.0,2,-7.2914000000000065,0.0,0.0,14,10,18
207,500.0,30.0,8.0,20.0,1,7.0,9.0,0,0,1,0.0,-1.0,24.0,2,1.4230200000000002,0.0,2.0,14,10,18
208,500.0,30.0,8.0,20.0,1,7.0,9.0,0,0,1,0.0,-1.0,168.0,2,0.07349999999999995,0.0,1.0,14,10,18
209,500.0,30.0,8.0,20.0,1,7.0,9.0,0,0,1,0.0,1.0,0.16,1,-10.879699999999966,0.0,0.0,12,14,18
709,10.0,10.0,5.0,40.0,0,8.0,9.0,0,0,0,1.0,1.0,240.0,1,1.785600000000004,0.0,0.0,0,14,18
729,10.0,,5.0,40.0,0,8.0,9.0,0,0,0,1.0,1.0,240.0,1,1.785600000000004,0.0,0.0,0,14,18
266,500.0,30.0,8.0,20.0,1,9.0,9.0,0,0,1,0.0,-1.0,24.0,2,-1.2991999999999946,1.0,2.0,14,10,18
267,500.0,30.0,8.0,20.0,1,9.0,9.0,0,0,1,0.0,-1.0,12.0,2,0.07349999999999995,0.0,1.0,14,10,18
268,500.0,30.0,8.0,20.0,1,9.0,9.0,0,0,1,0.0,-1.0,24.0,2,0.07349999999999995,0.0,1.0,14,10,18
193,500.0,30.0,8.0,20.0,1,7.0,8.0,0,0,1,0.0,-1.0,168.0,2,-8.424200000000015,0.0,0.0,14,10,18
194,500.0,30.0,8.0,20.0,1,7.0,8.0,0,0,1,0.0,-1.0,12.0,2,0.023700000000000443,1.0,0.0,14,10,18
195,500.0,30.0,8.0,20.0,1,7.0,8.0,0,0,1,0.0,-1.0,12.0,2,1.785600000000004,0.0,0.0,14,10,18
196,500.0,30.0,8.0,20.0,1,7.0,8.0,0,0,1,0.0,-1.0,48.0,2,1.785600000000004,0.0,0.0,14,10,18
197,500.0,30.0,8.0,20.0,1,7.0,8.0,0,0,1,0.0,-1.0,12.0,1,1.785600000000004,0.0,0.0,14,10,18
198,500.0,30.0,8.0,20.0,1,7.0,8.0,0,0,1,0.0,1.0,24.0,2,1.785600000000004,0.0,0.0,12,14,18
199,500.0,30.0,8.0,20.0,1,7.0,8.0,0,0,1,0.0,-1.0,12.0,1,0.07349999999999995,0.0,1.0,14,10,18
200,500.0,30.0,8.0,20.0,1,7.0,8.0,0,0,1,0.0,-1.0,48.0,2,-10.879699999999966,0.0,0.0,14,10,18
201,500.0,30.0,8.0,20.0,1,7.0,8.0,0,0,1,0.0,-1.0,168.0,2,-10.879699999999966,0.0,0.0,14,10,18
202,500.0,30.0,8.0,20.0,1,7.0,8.0,0,0,1,0.0,1.0,24.0,2,-10.879699999999966,0.0,0.0,12,14,18
203,500.0,30.0,8.0,20.0,1,7.0,8.0,0,0,1,0.0,-1.0,12.0,1,0.10620000000000512,0.0,0.0,14,10,18
260,500.0,30.0,8.0,20.0,1,8.0,8.0,0,0,1,0.0,-1.0,24.0,2,-1.2991999999999946,1.0,2.0,14,10,18
261,500.0,30.0,8.0,20.0,1,8.0,8.0,0,0,1,0.0,-1.0,24.0,2,1.4230200000000002,0.0,2.0,14,10,18
262,500.0,30.0,8.0,20.0,1,8.0,8.0,0,0,1,0.0,-1.0,48.0,2,0.07349999999999995,0.0,1.0,14,10,18
183,500.0,30.0,8.0,20.0,1,7.0,7.0,0,0,1,0.0,-1.0,24.0,2,0.3181000000000002,1.0,0.0,14,10,18
184,500.0,30.0,8.0,20.0,1,7.0,7.0,0,0,1,0.0,-1.0,48.0,2,-4.953199999999996,1.0,1.0,14,10,18
185,500.0,30.0,8.0,20.0,1,7.0,7.0,0,0,1,0.0,-1.0,48.0,2,-1.198999999999999,1.0,2.0,14,10,18
186,500.0,30.0,8.0,20.0,1,7.0,7.0,0,0,1,0.0,-1.0,24.0,2,1.4230200000000002,0.0,2.0,14,10,18
187,500.0,30.0,8.0,20.0,1,7.0,7.0,0,0,1,0.0,1.0,24.0,2,0.07349999999999995,0.0,1.0,12,14,18
188,500.0,30.0,8.0,20.0,1,7.0,7.0,0,0,1,0.0,-1.0,24.0,2,-10.879699999999966,0.0,0.0,14,10,18
189,500.0,30.0,8.0,20.0,1,7.0,7.0,0,0,1,0.0,1.0,24.0,2,4.335420000000004,0.0,0.0,12,14,18
190,500.0,30.0,8.0,20.0,1,7.0,7.0,0,0,1,0.0,-1.0,24.0,2,1.2575999999999998,0.0,1.0,14,10,18
191,500.0,30.0,8.0,20.0,1,7.0,7.0,0,0,1,0.0,-1.0,168.0,2,1.2575999999999998,0.0,1.0,14,10,18
192,500.0,30.0,8.0,20.0,1,7.0,7.0,0,0,1,0.0,-1.0,12.0,2,0.10620000000000512,0.0,0.0,14,10,18
88,,20.0,10.0,10.0,1,,,0,1,0,0.0,1.0,24.0,2,,,,12,14,18
93,,102.0,2.26,10.34,0,,,0,1,0,0.0,1.0,0.16,1,,,,12,14,18
94,,100.0,2.26,10.34,0,,,0,1,0,0.0,-1.0,48.0,2,,,,14,10,18
95,,100.0,2.26,10.34,0,,,0,1,0,0.0,-1.0,48.0,2,,,,14,10,18
96,,100.0,2.26,10.34,0,,,0,1,0,0.0,-1.0,48.0,2,,,,14,10,18
97,,100.0,2.26,10.34,0,,,0,1,0,0.0,-1.0,48.0,2,,,,14,10,18
98,,104.0,2.26,10.34,0,,,0,1,0,0.0,1.0,24.0,2,,,,12,14,18
99,,100.0,2.26,10.34,0,,,0,1,0,0.0,1.0,24.0,2,,,,12,14,18
100,,100.0,2.26,10.34,0,,,0,1,0,0.0,1.0,24.0,2,,,,12,14,18
147,,170.0,14.45,15.55,0,,,1,0,0,1.0,1.0,48.0,2,,,,18,18,0
148,,85.0,14.45,15.55,0,,,1,0,0,1.0,1.0,48.0,2,,,,18,18,0
149,,42.5,14.45,15.55,0,,,1,0,0,1.0,1.0,48.0,2,,,,18,18,0
150,,21.25,14.45,15.55,0,,,1,0,0,1.0,1.0,48.0,2,,,,18,18,0
151,,10.625,14.45,15.55,0,,,1,0,0,1.0,1.0,48.0,2,,,,18,18,0
152,,2.65,14.45,15.55,0,,,1,0,0,1.0,1.0,48.0,2,,,,18,18,0
153,,2.65,14.45,15.55,0,,,1,0,0,1.0,-1.0,12.0,2,,,,14,10,18
154,,1.33,14.45,15.55,0,,,1,0,0,1.0,1.0,48.0,2,,,,18,18,0
155,,1.33,14.45,15.55,0,,,1,0,0,1.0,-1.0,12.0,2,,,,14,10,18
156,,1.33,14.45,15.55,0,,,1,0,0,1.0,1.0,24.0,2,,,,12,14,18
157,,0.66,14.45,15.55,0,,,1,0,0,1.0,1.0,48.0,2,,,,18,18,0
158,,0.66,14.45,15.55,0,,,1,0,0,1.0,-1.0,48.0,2,,,,14,10,18
159,,0.66,14.45,15.55,0,,,1,0,0,1.0,-1.0,12.0,2,,,,14,10,18
160,,0.66,14.45,15.55,0,,,1,0,0,1.0,1.0,24.0,2,,,,12,14,18
161,,0.31,14.45,15.55,0,,,1,0,0,1.0,1.0,48.0,2,,,,18,18,0
162,,2.65,14.45,15.55,0,,,0,0,0,1.0,1.0,24.0,2,,,,12,14,18
163,,1.33,14.45,15.55,0,,,0,0,0,1.0,-1.0,48.0,2,,,,14,10,18
164,,0.31,14.45,15.55,0,,,0,0,0,1.0,-1.0,12.0,2,,,,14,10,18
165,,10.625,14.45,15.55,0,,,0,0,0,1.0,-1.0,12.0,2,,,,14,10,18
166,,2.65,14.45,15.55,0,,,0,0,0,1.0,-1.0,48.0,2,,,,14,10,18
167,,0.31,14.45,15.55,0,,,0,0,0,1.0,1.0,24.0,2,,,,12,14,18
168,,21.25,14.45,15.55,0,,,0,0,0,1.0,-1.0,12.0,2,,,,14,10,18
169,,10.625,14.45,15.55,0,,,0,0,0,1.0,1.0,24.0,2,,,,12,14,18
170,,0.31,14.45,15.55,0,,,0,0,0,1.0,-1.0,48.0,2,,,,14,10,18
171,,42.5,14.45,15.55,0,,,0,0,0,1.0,-1.0,48.0,2,,,,14,10,18
172,,21.25,14.45,15.55,0,,,0,0,0,1.0,1.0,24.0,2,,,,12,14,18
173,,10.625,14.45,15.55,0,,,0,0,0,1.0,-1.0,48.0,2,,,,14,10,18
174,,42.5,14.45,15.55,0,,,0,0,0,1.0,-1.0,12.0,2,,,,14,10,18
175,,21.25,14.45,15.55,0,,,0,0,0,1.0,-1.0,48.0,2,,,,14,10,18
176,,85.0,14.45,15.55,0,,,0,0,0,1.0,-1.0,12.0,2,,,,14,10,18
177,,42.5,14.45,15.55,0,,,0,0,0,1.0,1.0,24.0,2,,,,12,14,18
178,,170.0,14.45,15.55,0,,,0,0,0,1.0,-1.0,12.0,2,,,,14,10,18
179,,85.0,14.45,15.55,0,,,0,0,0,1.0,-1.0,48.0,2,,,,14,10,18
180,,85.0,14.45,15.55,0,,,0,0,0,1.0,1.0,24.0,2,,,,12,14,18
181,,170.0,14.45,15.55,0,,,0,0,0,1.0,-1.0,48.0,2,,,,14,10,18
182,,170.0,14.45,15.55,0,,,0,0,0,1.0,1.0,24.0,2,,,,12,14,18
491,0.0,1000.0,8.0,20.0,1,,,1,0,1,0.0,-1.0,24.0,2,,,,14,10,18
492,0.0,500.0,8.0,20.0,1,,,1,0,1,0.0,-1.0,24.0,2,,,,14,10,18
493,0.0,300.0,8.0,20.0,1,,,1,0,1,0.0,-1.0,24.0,2,,,,14,10,18
494,0.0,300.0,8.0,20.0,1,,,1,0,1,0.0,1.0,24.0,2,,,,12,14,18
495,0.0,100.0,8.0,20.0,1,,,1,0,1,0.0,-1.0,12.0,2,,,,14,10,18
496,0.0,100.0,8.0,20.0,1,,,1,0,1,0.0,-1.0,24.0,2,,,,14,10,18
497,0.0,100.0,8.0,20.0,1,,,1,0,1,0.0,-1.0,24.0,2,,,,14,10,18
498,0.0,100.0,8.0,20.0,1,,,1,0,1,0.0,-1.0,12.0,1,,,,14,10,18
499,0.0,100.0,8.0,20.0,1,,,1,0,1,0.0,1.0,24.0,2,,,,12,14,18
500,0.0,50.0,8.0,20.0,1,,,1,0,1,0.0,-1.0,12.0,2,,,,14,10,18
501,0.0,50.0,8.0,20.0,1,,,1,0,1,0.0,-1.0,24.0,2,,,,14,10,18
502,0.0,50.0,8.0,20.0,1,,,1,0,1,0.0,-1.0,24.0,2,,,,14,10,18
503,0.0,50.0,8.0,20.0,1,,,1,0,1,0.0,-1.0,24.0,2,,,,14,10,18
504,0.0,50.0,8.0,20.0,1,,,1,0,1,0.0,-1.0,24.0,1,,,,14,10,18
505,0.0,50.0,8.0,20.0,1,,,1,0,1,0.0,-1.0,168.0,2,,,,14,10,18
506,0.0,50.0,8.0,20.0,1,,,1,0,1,0.0,-1.0,12.0,1,,,,14,10,18
507,0.0,50.0,8.0,20.0,1,,,1,0,1,0.0,1.0,24.0,2,,,,12,14,18
508,0.0,50.0,8.0,20.0,1,,,1,0,1,0.0,-1.0,8.0,2,,,,14,10,18
509,0.0,30.0,8.0,20.0,1,,,1,0,1,0.0,-1.0,24.0,2,,,,14,10,18
510,0.0,30.0,8.0,20.0,1,,,1,0,1,0.0,-1.0,12.0,2,,,,14,10,18
511,0.0,30.0,8.0,20.0,1,,,1,0,1,0.0,-1.0,24.0,2,,,,14,10,18
512,0.0,30.0,8.0,20.0,1,,,1,0,1,0.0,-1.0,24.0,2,,,,14,10,18
513,0.0,30.0,8.0,20.0,1,,,1,0,1,0.0,-1.0,24.0,2,,,,14,10,18
514,0.0,30.0,8.0,20.0,1,,,1,0,1,0.0,-1.0,24.0,1,,,,14,10,18
515,0.0,30.0,8.0,20.0,1,,,1,0,1,0.0,-1.0,168.0,2,,,,14,10,18
516,0.0,30.0,8.0,20.0,1,,,1,0,1,0.0,-1.0,12.0,1,,,,14,10,18
517,0.0,30.0,8.0,20.0,1,,,1,0,1,0.0,1.0,24.0,2,,,,12,14,18
518,0.0,30.0,8.0,20.0,1,,,1,0,1,0.0,-1.0,8.0,2,,,,14,10,18
519,0.0,20.0,8.0,20.0,1,,,1,0,1,0.0,-1.0,24.0,2,,,,14,10,18
520,0.0,20.0,8.0,20.0,1,,,1,0,1,0.0,-1.0,12.0,2,,,,14,10,18
521,0.0,20.0,8.0,20.0,1,,,1,0,1,0.0,-1.0,24.0,2,,,,14,10,18
522,0.0,20.0,8.0,20.0,1,,,1,0,1,0.0,-1.0,24.0,2,,,,14,10,18
523,0.0,20.0,8.0,20.0,1,,,1,0,1,0.0,-1.0,24.0,2,,,,14,10,18
524,0.0,20.0,8.0,20.0,1,,,1,0,1,0.0,-1.0,24.0,1,,,,14,10,18
525,0.0,20.0,8.0,20.0,1,,,1,0,1,0.0,-1.0,168.0,2,,,,14,10,18
526,0.0,20.0,8.0,20.0,1,,,1,0,1,0.0,-1.0,12.0,1,,,,14,10,18
527,0.0,20.0,8.0,20.0,1,,,1,0,1,0.0,1.0,24.0,2,,,,12,14,18
528,0.0,20.0,8.0,20.0,1,,,1,0,1,0.0,-1.0,8.0,2,,,,14,10,18
529,0.0,10.0,8.0,20.0,1,,,1,0,1,0.0,-1.0,24.0,2,,,,14,10,18
530,0.0,10.0,8.0,20.0,1,,,1,0,1,0.0,1.0,0.16,1,,,,12,14,18
531,0.0,10.0,8.0,20.0,1,,,1,0,1,0.0,-1.0,12.0,2,,,,14,10,18
532,0.0,10.0,8.0,20.0,1,,,1,0,1,0.0,-1.0,48.0,2,,,,14,10,18
533,0.0,10.0,8.0,20.0,1,,,1,0,1,0.0,-1.0,24.0,2,,,,14,10,18
534,0.0,10.0,8.0,20.0,1,,,1,0,1,0.0,-1.0,24.0,2,,,,14,10,18
535,0.0,10.0,8.0,20.0,1,,,1,0,1,0.0,-1.0,24.0,2,,,,14,10,18
536,0.0,10.0,8.0,20.0,1,,,1,0,1,0.0,-1.0,24.0,2,,,,14,10,18
537,0.0,10.0,8.0,20.0,1,,,1,0,1,0.0,-1.0,24.0,1,,,,14,10,18
538,0.0,10.0,8.0,20.0,1,,,1,0,1,0.0,-1.0,168.0,2,,,,14,10,18
539,0.0,10.0,8.0,20.0,1,,,1,0,1,0.0,-1.0,12.0,1,,,,14,10,18
540,0.0,10.0,8.0,20.0,1,,,1,0,1,0.0,1.0,24.0,2,,,,12,14,18
541,0.0,10.0,8.0,20.0,1,,,1,0,1,0.0,-1.0,8.0,2,,,,14,10,18
542,0.0,500.0,8.0,20.0,1,,,0,0,1,0.0,1.0,24.0,2,,,,12,14,18
543,0.0,1000.0,8.0,20.0,1,,,0,0,1,0.0,1.0,24.0,2,,,,12,14,18
544,0.0,300.0,8.0,20.0,1,,,0,0,1,0.0,-1.0,12.0,2,,,,14,10,18
545,0.0,300.0,8.0,20.0,1,,,0,0,1,0.0,-1.0,24.0,2,,,,14,10,18
546,0.0,300.0,8.0,20.0,1,,,0,0,1,0.0,-1.0,12.0,1,,,,14,10,18
547,0.0,100.0,8.0,20.0,1,,,0,0,1,0.0,-1.0,24.0,2,,,,14,10,18
548,0.0,100.0,8.0,20.0,1,,,0,0,1,0.0,-1.0,24.0,1,,,,14,10,18
549,0.0,100.0,8.0,20.0,1,,,0,0,1,0.0,-1.0,8.0,2,,,,14,10,18
550,0.0,50.0,8.0,20.0,1,,,0,0,1,0.0,-1.0,24.0,2,,,,14,10,18
551,0.0,20.0,8.0,20.0,1,,,0,0,1,0.0,-1.0,24.0,2,,,,14,10,18
552,0.0,500.0,8.0,20.0,1,,,0,0,1,0.0,-1.0,24.0,2,,,,14,10,18
553,0.0,500.0,8.0,20.0,1,,,0,0,1,0.0,-1.0,12.0,1,,,,14,10,18
554,0.0,300.0,8.0,20.0,1,,,0,0,1,0.0,-1.0,24.0,2,,,,14,10,18
555,0.0,300.0,8.0,20.0,1,,,0,0,1,0.0,-1.0,24.0,1,,,,14,10,18
556,0.0,300.0,8.0,20.0,1,,,0,0,1,0.0,-1.0,8.0,2,,,,14,10,18
557,0.0,100.0,8.0,20.0,1,,,0,0,1,0.0,-1.0,168.0,2,,,,14,10,18
558,0.0,30.0,8.0,20.0,1,,,0,0,1,0.0,-1.0,24.0,2,,,,14,10,18
559,0.0,20.0,8.0,20.0,1,,,0,0,1,0.0,1.0,0.16,1,,,,12,14,18
560,0.0,20.0,8.0,20.0,1,,,0,0,1,0.0,-1.0,48.0,2,,,,14,10,18
561,0.0,1000.0,8.0,20.0,1,,,0,0,1,0.0,-1.0,24.0,2,,,,14,10,18
562,0.0,1000.0,8.0,20.0,1,,,0,0,1,0.0,-1.0,12.0,1,,,,14,10,18
563,0.0,500.0,8.0,20.0,1,,,0,0,1,0.0,-1.0,12.0,2,,,,14,10,18
564,0.0,300.0,8.0,20.0,1,,,0,0,1,0.0,-1.0,168.0,2,,,,14,10,18
565,0.0,100.0,8.0,20.0,1,,,0,0,1,0.0,-1.0,24.0,2,,,,14,10,18
566,0.0,30.0,8.0,20.0,1,,,0,0,1,0.0,1.0,0.16,1,,,,12,14,18
567,0.0,30.0,8.0,20.0,1,,,0,0,1,0.0,-1.0,48.0,2,,,,14,10,18
568,0.0,10.0,8.0,20.0,1,,,0,0,1,0.0,-1.0,24.0,2,,,,14,0,18
569,0.0,500.0,8.0,20.0,1,,,0,0,1,0.0,-1.0,24.0,2,,,,14,10,18
570,0.0,500.0,8.0,20.0,1,,,0,0,1,0.0,-1.0,24.0,1,,,,14,10,18
571,0.0,500.0,8.0,20.0,1,,,0,0,1,0.0,-1.0,168.0,2,,,,14,10,18
572,0.0,500.0,8.0,20.0,1,,,0,0,1,0.0,-1.0,8.0,2,,,,14,10,18
573,0.0,300.0,8.0,20.0,1,,,0,0,1,0.0,-1.0,24.0,2,,,,14,10,18
574,0.0,50.0,8.0,20.0,1,,,0,0,1,0.0,1.0,0.16,1,,,,12,14,18
575,0.0,50.0,8.0,20.0,1,,,0,0,1,0.0,-1.0,24.0,2,,,,14,10,18
576,0.0,1000.0,8.0,20.0,1,,,0,0,1,0.0,-1.0,12.0,2,,,,14,10,18
577,0.0,1000.0,8.0,20.0,1,,,0,0,1,0.0,-1.0,24.0,2,,,,14,10,18
578,0.0,1000.0,8.0,20.0,1,,,0,0,1,0.0,-1.0,24.0,1,,,,14,10,18
579,0.0,1000.0,8.0,20.0,1,,,0,0,1,0.0,-1.0,168.0,2,,,,14,10,18
580,0.0,1000.0,8.0,20.0,1,,,0,0,1,0.0,-1.0,8.0,2,,,,14,10,18
581,0.0,500.0,8.0,20.0,1,,,0,0,1,0.0,-1.0,24.0,2,,,,14,10,18
582,0.0,100.0,8.0,20.0,1,,,0,0,1,0.0,-1.0,24.0,2,,,,14,10,18
583,0.0,50.0,8.0,20.0,1,,,0,0,1,0.0,-1.0,48.0,2,,,,14,10,18
584,0.0,20.0,8.0,20.0,1,,,0,0,1,0.0,-1.0,24.0,2,,,,14,0,18
585,0.0,1000.0,8.0,20.0,1,,,0,0,1,0.0,-1.0,24.0,2,,,,14,10,18
586,0.0,100.0,8.0,20.0,1,,,0,0,1,0.0,1.0,0.16,1,,,,12,14,18
587,0.0,100.0,8.0,20.0,1,,,0,0,1,0.0,-1.0,48.0,2,,,,14,10,18
588,0.0,300.0,8.0,20.0,1,,,0,0,1,0.0,-1.0,48.0,2,,,,14,10,18
589,0.0,300.0,8.0,20.0,1,,,0,0,1,0.0,-1.0,24.0,2,,,,14,10,18
590,0.0,30.0,8.0,20.0,1,,,0,0,1,0.0,-1.0,24.0,2,,,,14,0,18
591,0.0,500.0,8.0,20.0,1,,,0,0,1,0.0,-1.0,48.0,2,,,,14,10,18
592,0.0,500.0,8.0,20.0,1,,,0,0,1,0.0,-1.0,24.0,2,,,,14,10,18
593,0.0,300.0,8.0,20.0,1,,,0,0,1,0.0,1.0,0.16,1,,,,12,14,18
594,0.0,50.0,8.0,20.0,1,,,0,0,1,0.0,-1.0,24.0,2,,,,14,0,18
595,0.0,1000.0,8.0,20.0,1,,,0,0,1,0.0,-1.0,24.0,2,,,,14,10,18
596,0.0,500.0,8.0,20.0,1,,,0,0,1,0.0,1.0,0.16,1,,,,12,14,18
597,0.0,100.0,8.0,20.0,1,,,0,0,1,0.0,-1.0,24.0,2,,,,14,0,18
598,0.0,1000.0,8.0,20.0,1,,,0,0,1,0.0,1.0,0.16,1,,,,12,14,18
599,0.0,1000.0,8.0,20.0,1,,,0,0,1,0.0,-1.0,48.0,2,,,,14,10,18
600,0.0,300.0,8.0,20.0,1,,,0,0,1,0.0,-1.0,24.0,2,,,,14,0,18
601,0.0,500.0,8.0,20.0,1,,,0,0,1,0.0,-1.0,24.0,2,,,,14,0,18
602,0.0,1000.0,8.0,20.0,1,,,0,0,1,0.0,-1.0,24.0,2,,,,14,0,18
603,,10.0,10.0,30.0,0,,,0,0,1,0.0,1.0,24.0,2,,,,12,14,18
604,,10.0,10.0,30.0,0,,,0,0,1,0.0,1.0,0.16,1,,,,12,14,18
605,,10.0,10.0,30.0,0,,,0,0,1,0.0,1.0,24.0,2,,,,12,14,18
606,,10.0,10.0,30.0,0,,,0,0,1,0.0,-1.0,48.0,2,,,,14,10,18
607,,10.0,10.0,30.0,0,,,0,0,1,0.0,1.0,240.0,1,,,,0,14,18
608,,10.0,10.0,30.0,0,,,0,0,1,0.0,-1.0,24.0,2,,,,14,10,18
880,,10.0,20.0,20.0,0,,,0,0,1,0.0,1.0,24.0,2,,,,12,14,18
881,,20.0,20.0,20.0,0,,,0,0,1,0.0,1.0,24.0,2,,,,12,14,18
882,,30.0,20.0,20.0,0,,,0,0,1,0.0,1.0,24.0,2,,,,12,14,18
