,Drug_dose,NP_concentration,NP size_min,NP size_max,shape,ZOI_drug,ZOI_drug_NP,MDR_check,NP_Synthesis_Chem,NP_Synthesis_Green,NP_Synthesis_Bio,gram,"min_Incub_period, h",biosafety_level,MolLogP,fr_lactam,NumAromaticHeterocycles,d_to_Micrococcus luteus,d_to_Neisseria mucosa,d_to_Candida albicans
0,30.0,100.0,5.0,30.0,0.0,0.0,17.0,1.0,0.0,0.0,1.0,1.0,240.0,1.0,0.10620000000000603,0.0,0.0,0.0,14.0,18.0
1,10.0,100.0,5.0,30.0,0.0,0.0,17.0,1.0,0.0,0.0,1.0,1.0,240.0,1.0,-3.327499999999995,0.0,0.0,0.0,14.0,18.0
2,500.0,30.000000000000004,8.0,20.0,1.0,12.0,15.0,0.0,0.0,1.0,0.0,1.0,24.0,2.0,-1.2991999999999955,1.0,2.0,12.0,14.0,18.0
3,500.0,30.000000000000004,8.0,20.0,1.0,22.0,50.00000000000001,0.0,0.0,1.0,0.0,-1.0,24.0,2.0,0.31810000000000016,1.0,0.0,14.0,0.0,18.0
4,500.0,30.000000000000004,8.0,20.0,1.0,46.0,48.0,0.0,0.0,1.0,0.0,-1.0,24.0,2.0,-3.469899999999997,1.0,0.0,14.0,0.0,18.0
5,500.0,30.000000000000004,8.0,20.0,1.0,48.0,48.0,0.0,0.0,1.0,0.0,-1.0,24.0,2.0,0.3736999999999991,1.0,0.0,14.0,0.0,18.0
6,500.0,30.000000000000004,8.0,20.0,1.0,47.0,47.0,0.0,0.0,1.0,0.0,-1.0,24.0,2.0,-1.1989999999999987,1.0,2.0,14.0,0.0,18.0
7,500.0,30.000000000000004,8.0,20.0,1.0,44.0,44.0,0.0,0.0,1.0,0.0,-1.0,24.0,2.0,4.335420000000004,0.0,0.0,14.0,0.0,18.0
8,500.0,30.000000000000004,8.0,20.0,1.0,30.0,42.0,0.0,0.0,1.0,0.0,-1.0,24.0,2.0,-3.327499999999995,0.0,0.0,14.0,0.0,18.0
9,15.0,42.5,14.449999999999998,15.55,0.0,27.999999999999996,41.00000000000001,0.0,0.0,0.0,1.0,-1.0,48.0,2.0,1.900700000000005,0.0,0.0,14.0,10.0,18.0
10,30.0,42.33,14.449999999999998,15.55,0.0,27.0,40.00000000000001,0.0,0.0,0.0,1.0,-1.0,12.0,2.0,0.909,0.0,0.0,14.0,10.0,18.0
11,15.0,42.15,14.449999999999998,15.55,0.0,27.0,40.00000000000001,0.0,0.0,0.0,1.0,1.0,24.0,2.0,1.900700000000005,0.0,0.0,12.0,14.0,18.0
12,30.0,42.24,14.449999999999998,15.55,0.0,32.0,40.00000000000001,0.0,0.0,0.0,1.0,1.0,24.0,2.0,-1.2435999999999965,0.0,0.0,12.0,14.0,18.0
13,500.0,30.000000000000004,8.0,20.0,1.0,40.0,40.00000000000001,0.0,0.0,1.0,0.0,-1.0,24.0,2.0,0.023700000000000557,1.0,0.0,14.0,0.0,18.0
14,500.0,30.000000000000004,8.0,20.0,1.0,40.0,40.00000000000001,0.0,0.0,1.0,0.0,-1.0,24.0,2.0,-0.24029999999999746,1.0,0.0,14.0,0.0,18.0
15,500.0,30.000000000000004,8.0,20.0,1.0,30.0,39.0,0.0,0.0,1.0,0.0,1.0,0.16,1.0,-0.21439999999999926,0.0,0.0,12.0,14.0,18.0
16,10.0,100.0,5.0,30.0,0.0,23.0,38.0,0.0,0.0,0.0,1.0,1.0,4.0,2.0,1.5833000000000002,0.0,1.0,12.0,14.0,18.0
17,20.0,42.2,14.449999999999998,15.55,0.0,24.999999999999996,38.0,0.0,0.0,0.0,1.0,1.0,24.0,2.0,0.31810000000000016,1.0,0.0,12.0,14.0,18.0
18,500.0,30.000000000000004,8.0,20.0,1.0,34.0,38.0,0.0,0.0,1.0,0.0,-1.0,24.0,2.0,-0.21439999999999926,0.0,0.0,14.0,0.0,18.0
19,30.0,42.11,14.449999999999998,15.55,0.0,0.0,37.0,1.0,0.0,0.0,1.0,-1.0,48.0,2.0,-0.5359999999999981,1.0,1.0,14.0,10.0,18.0
20,500.0,30.000000000000004,8.0,20.0,1.0,26.0,37.0,0.0,0.0,1.0,0.0,1.0,0.16,1.0,-8.161100000000008,0.0,0.0,12.0,14.0,18.0
21,2.0,10.0,5.0,32.0,0.0,37.0,37.0,0.0,0.0,0.0,1.0,-1.0,48.0,2.0,2.6236200000000003,0.0,2.0,14.0,10.0,18.0
22,1.0,42.27,14.449999999999998,15.55,0.0,0.0,36.0,1.0,0.0,0.0,1.0,-1.0,12.0,2.0,1.8953200000000003,1.0,1.0,14.0,10.0,18.0
23,30.0,42.13,14.449999999999998,15.55,0.0,27.0,36.0,0.0,0.0,0.0,1.0,-1.0,48.0,2.0,0.909,0.0,0.0,14.0,10.0,18.0
24,10.0,10.0,5.0,40.0,0.0,29.0,36.0,0.0,0.0,0.0,1.0,-1.0,168.0,2.0,0.909,0.0,0.0,14.0,10.0,18.0
25,10.0,10.0,5.0,40.0,0.0,29.0,36.0,0.0,0.0,0.0,1.0,-1.0,168.0,2.0,0.909,0.0,0.0,14.0,10.0,18.0
26,2.0,10.0,5.0,32.0,0.0,36.0,36.0,0.0,0.0,0.0,1.0,1.0,24.0,2.0,2.6236200000000003,0.0,2.0,12.0,14.0,18.0
27,30.0,42.34,14.449999999999998,15.55,0.0,20.0,35.00000000000001,0.0,0.0,0.0,1.0,-1.0,12.0,2.0,-1.2435999999999965,0.0,0.0,14.0,10.0,18.0
28,10.0,100.0,5.0,30.0,0.0,22.0,35.00000000000001,0.0,0.0,0.0,1.0,-1.0,24.0,2.0,1.5833000000000002,0.0,1.0,14.0,10.0,18.0
29,40.0,42.8,14.449999999999998,15.55,0.0,0.0,34.00000000000001,1.0,0.0,0.0,1.0,-1.0,48.0,2.0,-4.953199999999996,1.0,1.0,14.0,10.0,18.0
30,50.0,42.32,14.449999999999998,15.55,0.0,0.0,34.00000000000001,1.0,0.0,0.0,1.0,-1.0,12.0,2.0,-0.09110000000000038,0.0,0.0,14.0,10.0,18.0
31,500.0,30.000000000000004,8.0,20.0,1.0,20.0,34.00000000000001,0.0,0.0,1.0,0.0,1.0,0.16,1.0,0.31810000000000016,1.0,0.0,12.0,14.0,18.0
32,30.0,42.23,14.449999999999998,15.55,0.0,29.0,34.00000000000001,0.0,0.0,0.0,1.0,1.0,24.0,2.0,0.909,0.0,0.0,12.0,14.0,18.0
33,500.0,30.000000000000004,8.0,20.0,1.0,34.0,34.00000000000001,0.0,0.0,1.0,0.0,-1.0,24.0,2.0,-1.172299999999999,0.0,0.0,14.0,0.0,18.0
34,500.0,30.000000000000004,8.0,20.0,1.0,34.0,34.00000000000001,0.0,0.0,1.0,0.0,1.0,0.16,1.0,0.3736999999999991,1.0,0.0,12.0,14.0,18.0
35,50.0,42.12,14.449999999999998,15.55,0.0,0.0,32.0,1.0,0.0,0.0,1.0,-1.0,48.0,2.0,-0.09110000000000038,0.0,0.0,14.0,10.0,18.0
36,15.0,42.25,14.449999999999998,15.55,0.0,20.0,32.0,0.0,0.0,0.0,1.0,-1.0,12.0,2.0,1.900700000000005,0.0,0.0,14.0,10.0,18.0
37,500.0,30.000000000000004,8.0,20.0,1.0,24.0,32.0,0.0,0.0,1.0,0.0,1.0,0.16,1.0,0.909,0.0,0.0,12.0,14.0,18.0
38,500.0,30.000000000000004,8.0,20.0,1.0,24.0,32.0,0.0,0.0,1.0,0.0,-1.0,24.0,2.0,-8.161100000000008,0.0,0.0,14.0,10.0,18.0
39,20.0,42.1,14.449999999999998,15.55,0.0,30.0,32.0,0.0,0.0,0.0,1.0,-1.0,48.0,2.0,0.31810000000000016,1.0,0.0,14.0,10.0,18.0
40,500.0,30.000000000000004,8.0,20.0,1.0,32.0,32.0,0.0,0.0,1.0,0.0,-1.0,24.0,2.0,-1.2991999999999955,1.0,2.0,14.0,0.0,18.0
41,500.0,30.000000000000004,8.0,20.0,1.0,32.0,32.0,0.0,0.0,1.0,0.0,-1.0,24.0,2.0,0.909,0.0,0.0,14.0,0.0,18.0
42,500.0,30.000000000000004,8.0,20.0,1.0,8.0,30.999999999999996,0.0,0.0,1.0,0.0,-1.0,24.0,2.0,0.07350000000000063,0.0,1.0,14.0,0.0,18.0
43,10.0,10.0,5.0,40.0,0.0,24.0,30.999999999999996,0.0,0.0,0.0,1.0,-1.0,168.0,2.0,1.785600000000004,0.0,0.0,14.0,10.0,18.0
44,10.0,10.0,5.0,40.0,0.0,24.0,30.999999999999996,0.0,0.0,0.0,1.0,-1.0,168.0,2.0,1.785600000000004,0.0,0.0,14.0,10.0,18.0
45,500.0,30.000000000000004,8.0,20.0,1.0,30.0,30.000000000000007,0.0,0.0,1.0,0.0,-1.0,24.0,2.0,-4.953199999999996,1.0,1.0,14.0,0.0,18.0
46,500.0,30.000000000000004,8.0,20.0,1.0,30.0,30.000000000000007,0.0,0.0,1.0,0.0,-1.0,8.0,2.0,0.3736999999999991,1.0,0.0,14.0,10.0,18.0
47,500.0,30.000000000000004,8.0,20.0,1.0,30.0,30.000000000000007,0.0,0.0,1.0,0.0,-1.0,8.0,2.0,-3.327499999999995,0.0,0.0,14.0,10.0,18.0
48,500.0,30.000000000000004,8.0,20.0,1.0,30.0,30.000000000000007,0.0,0.0,1.0,0.0,-1.0,8.0,2.0,-8.161100000000008,0.0,0.0,14.0,10.0,18.0
49,10.0,100.0,5.0,30.0,0.0,27.999999999999996,29.000000000000004,0.0,0.0,0.0,1.0,1.0,24.0,2.0,1.5833000000000002,0.0,1.0,12.0,14.0,18.0
50,500.0,30.000000000000004,8.0,20.0,1.0,29.0,29.000000000000004,0.0,0.0,1.0,0.0,-1.0,48.0,2.0,0.31810000000000016,1.0,0.0,14.0,10.0,18.0
51,5.0,10.0,5.0,32.0,0.0,29.0,29.000000000000004,0.0,0.0,0.0,1.0,1.0,24.0,2.0,-0.5447999999999998,1.0,1.0,12.0,14.0,18.0
52,10.0,42.26,14.449999999999998,15.55,0.0,17.0,28.000000000000004,0.0,0.0,0.0,1.0,-1.0,12.0,2.0,-3.327499999999995,0.0,0.0,14.0,10.0,18.0
53,40.0,42.28,14.449999999999998,15.55,0.0,21.0,28.000000000000004,0.0,0.0,0.0,1.0,-1.0,12.0,2.0,-4.953199999999996,1.0,1.0,14.0,10.0,18.0
54,10.0,10.0,5.0,40.0,0.0,22.0,28.000000000000004,0.0,0.0,0.0,1.0,-1.0,48.0,2.0,0.909,0.0,0.0,14.0,10.0,18.0
55,10.0,10.000005675069305,5.0,40.0,0.0,22.0,28.000000000000004,0.0,0.0,0.0,1.0,-1.0,48.0,2.0,0.909,0.0,0.0,14.0,10.0,18.0
56,10.0,42.16,14.449999999999998,15.55,0.0,27.0,28.000000000000004,0.0,0.0,0.0,1.0,1.0,24.0,2.0,-3.327499999999995,0.0,0.0,12.0,14.0,18.0
57,500.0,30.000000000000004,8.0,20.0,1.0,27.999999999999996,28.000000000000004,0.0,0.0,1.0,0.0,-1.0,8.0,2.0,-1.172299999999999,0.0,0.0,14.0,10.0,18.0
58,500.0,30.000000000000004,8.0,20.0,1.0,27.999999999999996,28.000000000000004,0.0,0.0,1.0,0.0,-1.0,24.0,2.0,-8.161100000000008,0.0,0.0,14.0,0.0,18.0
59,100.0,10.0,5.0,32.0,0.0,27.999999999999996,28.000000000000004,0.0,0.0,0.0,1.0,1.0,24.0,2.0,0.4865,1.0,0.0,12.0,14.0,18.0
60,5.0,10.0,5.0,32.0,0.0,27.999999999999996,28.000000000000004,0.0,0.0,0.0,1.0,-1.0,48.0,2.0,-0.5447999999999998,1.0,1.0,14.0,10.0,18.0
61,10.0,42.6,14.449999999999998,15.55,0.0,30.999999999999996,28.000000000000004,0.0,0.0,0.0,1.0,-1.0,48.0,2.0,-3.327499999999995,0.0,0.0,14.0,10.0,18.0
62,500.0,30.000000000000004,8.0,20.0,1.0,20.0,27.0,0.0,0.0,1.0,0.0,-1.0,168.0,2.0,0.31810000000000016,1.0,0.0,14.0,10.0,18.0
63,500.0,30.000000000000004,8.0,20.0,1.0,24.999999999999996,27.0,0.0,0.0,1.0,0.0,-1.0,24.0,2.0,1.785600000000004,0.0,0.0,14.0,0.0,18.0
64,500.0,30.000000000000004,8.0,20.0,1.0,27.0,27.0,0.0,0.0,1.0,0.0,-1.0,12.0,1.0,0.31810000000000016,1.0,0.0,14.0,10.0,18.0
65,500.0,30.000000000000004,8.0,20.0,1.0,27.0,27.0,0.0,0.0,1.0,0.0,-1.0,24.0,2.0,-3.327499999999995,0.0,0.0,14.0,10.0,18.0
66,500.0,30.000000000000004,8.0,20.0,1.0,27.0,27.0,0.0,0.0,1.0,0.0,-1.0,48.0,2.0,-0.21439999999999926,0.0,0.0,14.0,10.0,18.0
67,30.0,10.0,5.0,32.0,0.0,27.0,27.0,0.0,0.0,0.0,1.0,-1.0,48.0,2.0,-8.424200000000015,0.0,0.0,14.0,10.0,18.0
68,500.0,30.000000000000004,8.0,20.0,1.0,20.0,26.0,0.0,0.0,1.0,0.0,-1.0,24.0,2.0,-8.424200000000015,0.0,0.0,14.0,0.0,18.0
69,500.0,30.000000000000004,8.0,20.0,1.0,24.999999999999996,26.0,0.0,0.0,1.0,0.0,-1.0,24.0,2.0,1.2576000000000005,0.0,1.0,14.0,0.0,18.0
70,500.0,30.000000000000004,8.0,20.0,1.0,26.0,26.0,0.0,0.0,1.0,0.0,-1.0,48.0,2.0,0.909,0.0,0.0,14.0,10.0,18.0
71,500.0,30.000000000000004,8.0,20.0,1.0,26.0,26.0,0.0,0.0,1.0,0.0,-1.0,12.0,1.0,-3.327499999999995,0.0,0.0,14.0,10.0,18.0
72,500.0,30.000000000000004,8.0,20.0,1.0,26.0,26.0,0.0,0.0,1.0,0.0,-1.0,24.0,2.0,-7.2914000000000065,0.0,0.0,14.0,0.0,18.0
73,500.0,30.000000000000004,8.0,20.0,1.0,26.0,26.0,0.0,0.0,1.0,0.0,-1.0,12.0,1.0,-7.2914000000000065,0.0,0.0,14.0,10.0,18.0
74,500.0,30.000000000000004,8.0,20.0,1.0,26.0,26.0,0.0,0.0,1.0,0.0,-1.0,24.0,2.0,-0.24029999999999746,1.0,0.0,14.0,10.0,18.0
75,100.0,10.0,5.0,32.0,0.0,26.0,26.0,0.0,0.0,0.0,1.0,-1.0,48.0,2.0,0.4865,1.0,0.0,14.0,10.0,18.0
76,30.0,42.31,14.449999999999998,15.55,0.0,0.0,25.000000000000004,1.0,0.0,0.0,1.0,-1.0,12.0,2.0,-0.5359999999999981,1.0,1.0,14.0,10.0,18.0
77,500.0,30.000000000000004,8.0,20.0,1.0,6.999999999999999,25.000000000000004,0.0,0.0,1.0,0.0,-1.0,48.0,2.0,-8.161100000000008,0.0,0.0,14.0,10.0,18.0
78,5.0,10.0,14.0,42.0,0.0,20.0,25.000000000000004,0.0,0.0,0.0,1.0,-1.0,168.0,2.0,1.544,0.0,1.0,14.0,10.0,18.0
79,27.926248765787214,100.0,5.0,30.0,0.0,21.0,25.000000000000004,0.0,0.0,0.0,1.0,1.0,4.0,2.0,-0.17602999999999877,1.0,0.0,12.0,14.0,18.0
80,10.0,100.0,5.0,30.0,0.0,22.0,25.000000000000004,0.0,0.0,0.0,1.0,-1.0,24.0,2.0,-3.327499999999995,0.0,0.0,14.0,10.0,18.0
81,500.0,30.000000000000004,8.0,20.0,1.0,23.0,25.000000000000004,0.0,0.0,1.0,0.0,-1.0,24.0,1.0,0.909,0.0,0.0,14.0,10.0,18.0
82,31.45715031990207,100.0,5.0,30.0,0.0,23.0,25.000000000000004,0.0,0.0,0.0,1.0,1.0,24.0,2.0,-0.17602999999999877,1.0,0.0,12.0,14.0,18.0
83,500.0,30.000000000000004,8.0,20.0,1.0,24.0,25.000000000000004,0.0,0.0,1.0,0.0,-1.0,12.0,1.0,-1.2991999999999955,1.0,2.0,14.0,10.0,18.0
84,500.0,30.000000000000004,8.0,20.0,1.0,24.0,25.000000000000004,0.0,0.0,1.0,0.0,1.0,0.16,1.0,0.10620000000000603,0.0,0.0,12.0,14.0,18.0
85,500.0,30.000000000000004,8.0,20.0,1.0,24.0,25.000000000000004,0.0,0.0,1.0,0.0,-1.0,24.0,2.0,0.10620000000000603,0.0,0.0,14.0,0.0,18.0
86,500.0,30.000000000000004,8.0,20.0,1.0,24.999999999999996,25.000000000000004,0.0,0.0,1.0,0.0,-1.0,12.0,1.0,-4.953199999999996,1.0,1.0,14.0,10.0,18.0
87,500.0,30.000000000000004,8.0,20.0,1.0,24.999999999999996,25.000000000000004,0.0,0.0,1.0,0.0,-1.0,24.0,2.0,0.3736999999999991,1.0,0.0,14.0,10.0,18.0
88,500.0,30.000000000000004,8.0,20.0,1.0,24.999999999999996,25.000000000000004,0.0,0.0,1.0,0.0,-1.0,12.0,1.0,0.3736999999999991,1.0,0.0,14.0,10.0,18.0
89,500.0,30.000000000000004,8.0,20.0,1.0,24.999999999999996,25.000000000000004,0.0,0.0,1.0,0.0,-1.0,24.0,2.0,-0.21439999999999926,0.0,0.0,14.0,10.0,18.0
90,500.0,30.000000000000004,8.0,20.0,1.0,24.999999999999996,25.000000000000004,0.0,0.0,1.0,0.0,1.0,24.0,2.0,-0.21439999999999926,0.0,0.0,12.0,14.0,18.0
91,500.0,30.000000000000004,8.0,20.0,1.0,24.999999999999996,25.000000000000004,0.0,0.0,1.0,0.0,-1.0,8.0,2.0,-0.21439999999999926,0.0,0.0,14.0,10.0,18.0
92,300.0,10.0,5.0,32.0,0.0,24.999999999999996,25.000000000000004,0.0,0.0,0.0,1.0,1.0,24.0,2.0,0.07350000000000063,0.0,1.0,12.0,14.0,18.0
93,30.0,10.0,5.0,32.0,0.0,24.999999999999996,25.000000000000004,0.0,0.0,0.0,1.0,-1.0,48.0,2.0,1.4230200000000002,0.0,2.0,14.0,10.0,18.0
94,30.0,10.0,5.0,32.0,0.0,24.999999999999996,25.000000000000004,0.0,0.0,0.0,1.0,1.0,24.0,2.0,1.4230200000000002,0.0,2.0,12.0,14.0,18.0
95,25.0,10.0,5.0,32.0,0.0,24.999999999999996,25.000000000000004,0.0,0.0,0.0,1.0,-1.0,48.0,2.0,-0.21439999999999926,0.0,0.0,14.0,10.0,18.0
96,25.0,10.0,5.0,32.0,0.0,24.999999999999996,25.000000000000004,0.0,0.0,0.0,1.0,1.0,24.0,2.0,-0.21439999999999926,0.0,0.0,12.0,14.0,18.0
97,10.0,10.0,5.0,32.0,0.0,24.999999999999996,25.000000000000004,0.0,0.0,0.0,1.0,1.0,24.0,2.0,-3.327499999999995,0.0,0.0,12.0,14.0,18.0
98,30.0,10.0,14.0,42.0,0.0,24.999999999999996,25.000000000000004,0.0,0.0,0.0,1.0,1.0,24.0,2.0,5.666100000000005,0.0,0.0,12.0,14.0,18.0
99,40.0,42.18,14.449999999999998,15.55,0.0,0.0,24.0,1.0,0.0,0.0,1.0,1.0,24.0,2.0,-4.953199999999996,1.0,1.0,12.0,14.0,18.0
100,500.0,30.000000000000004,8.0,20.0,1.0,18.0,24.0,0.0,0.0,1.0,0.0,-1.0,168.0,2.0,-3.469899999999997,1.0,0.0,14.0,10.0,18.0
101,10.0,100.0,5.0,30.0,0.0,21.0,24.0,0.0,0.0,0.0,1.0,1.0,4.0,2.0,-3.327499999999995,0.0,0.0,12.0,14.0,18.0
102,26.755199739455822,100.0,5.0,30.0,0.0,21.0,24.0,0.0,0.0,0.0,1.0,-1.0,24.0,2.0,-0.17602999999999877,1.0,0.0,14.0,10.0,18.0
103,20.0,42.3,14.449999999999998,15.55,0.0,22.0,24.0,0.0,0.0,0.0,1.0,-1.0,12.0,2.0,0.31810000000000016,1.0,0.0,14.0,10.0,18.0
104,500.0,30.000000000000004,8.0,20.0,1.0,22.0,24.0,0.0,0.0,1.0,0.0,-1.0,168.0,2.0,0.909,0.0,0.0,14.0,10.0,18.0
105,500.0,30.000000000000004,8.0,20.0,1.0,22.0,24.0,0.0,0.0,1.0,0.0,-1.0,24.0,1.0,-0.21439999999999926,0.0,0.0,14.0,10.0,18.0
106,500.0,30.000000000000004,8.0,20.0,1.0,24.0,24.0,0.0,0.0,1.0,0.0,-1.0,8.0,2.0,-8.424200000000015,0.0,0.0,14.0,10.0,18.0
107,500.0,30.000000000000004,8.0,20.0,1.0,24.0,24.0,0.0,0.0,1.0,0.0,-1.0,12.0,1.0,-1.1989999999999987,1.0,2.0,14.0,10.0,18.0
108,500.0,30.000000000000004,8.0,20.0,1.0,24.0,24.0,0.0,0.0,1.0,0.0,-1.0,24.0,2.0,-1.172299999999999,0.0,0.0,14.0,10.0,18.0
109,500.0,30.000000000000004,8.0,20.0,1.0,24.0,24.0,0.0,0.0,1.0,0.0,-1.0,12.0,1.0,-0.24029999999999746,1.0,0.0,14.0,10.0,18.0
110,500.0,30.000000000000004,8.0,20.0,1.0,24.0,24.0,0.0,0.0,1.0,0.0,-1.0,24.0,2.0,-8.161100000000008,0.0,0.0,14.0,10.0,18.0
111,10.0,10.0,5.0,32.0,0.0,24.0,24.0,0.0,0.0,0.0,1.0,-1.0,48.0,2.0,-3.327499999999995,0.0,0.0,14.0,10.0,18.0
112,500.0,30.000000000000004,8.0,20.0,1.0,22.0,22.999999999999996,0.0,0.0,1.0,0.0,-1.0,24.0,1.0,0.3736999999999991,1.0,0.0,14.0,10.0,18.0
113,500.0,30.000000000000004,8.0,20.0,1.0,22.0,22.999999999999996,0.0,0.0,1.0,0.0,-1.0,8.0,2.0,-7.2914000000000065,0.0,0.0,14.0,10.0,18.0
114,30.0,10.0,14.0,42.0,0.0,22.0,22.999999999999996,0.0,0.0,0.0,1.0,1.0,24.0,2.0,1.5833000000000002,0.0,1.0,12.0,14.0,18.0
115,500.0,30.000000000000004,8.0,20.0,1.0,23.0,22.999999999999996,0.0,0.0,1.0,0.0,-1.0,24.0,2.0,-8.424200000000015,0.0,0.0,14.0,10.0,18.0
116,500.0,30.000000000000004,8.0,20.0,1.0,23.0,22.999999999999996,0.0,0.0,1.0,0.0,-1.0,24.0,2.0,-8.424200000000015,0.0,0.0,14.0,10.0,18.0
117,500.0,30.000000000000004,8.0,20.0,1.0,23.0,22.999999999999996,0.0,0.0,1.0,0.0,-1.0,12.0,2.0,-4.953199999999996,1.0,1.0,14.0,10.0,18.0
118,500.0,30.000000000000004,8.0,20.0,1.0,23.0,22.999999999999996,0.0,0.0,1.0,0.0,-1.0,24.0,2.0,-3.327499999999995,0.0,0.0,14.0,10.0,18.0
119,500.0,30.000000000000004,8.0,20.0,1.0,23.0,22.999999999999996,0.0,0.0,1.0,0.0,1.0,0.16,1.0,-7.2914000000000065,0.0,0.0,12.0,14.0,18.0
120,500.0,30.000000000000004,8.0,20.0,1.0,23.0,22.999999999999996,0.0,0.0,1.0,0.0,-1.0,12.0,2.0,-8.161100000000008,0.0,0.0,14.0,10.0,18.0
121,500.0,30.000000000000004,8.0,20.0,1.0,23.0,22.999999999999996,0.0,0.0,1.0,0.0,-1.0,24.0,1.0,-8.161100000000008,0.0,0.0,14.0,10.0,18.0
122,500.0,30.000000000000004,8.0,20.0,1.0,23.0,22.999999999999996,0.0,0.0,1.0,0.0,-1.0,12.0,1.0,-8.161100000000008,0.0,0.0,14.0,10.0,18.0
123,500.0,30.000000000000004,8.0,20.0,1.0,23.0,22.999999999999996,0.0,0.0,1.0,0.0,-1.0,24.0,2.0,0.10620000000000603,0.0,0.0,14.0,10.0,18.0
124,500.0,30.000000000000004,8.0,20.0,1.0,23.0,22.999999999999996,0.0,0.0,1.0,0.0,-1.0,8.0,2.0,0.10620000000000603,0.0,0.0,14.0,10.0,18.0
125,300.0,10.0,5.0,32.0,0.0,23.0,22.999999999999996,0.0,0.0,0.0,1.0,-1.0,48.0,2.0,0.07350000000000063,0.0,1.0,14.0,10.0,18.0
126,30.0,10.0,5.0,32.0,0.0,23.0,22.999999999999996,0.0,0.0,0.0,1.0,1.0,24.0,2.0,-8.424200000000015,0.0,0.0,12.0,14.0,18.0
127,1.0,42.17,14.449999999999998,15.55,0.0,33.0,22.999999999999996,0.0,0.0,0.0,1.0,1.0,24.0,2.0,1.8953200000000003,1.0,1.0,12.0,14.0,18.0
128,30.0,42.21,14.449999999999998,15.55,0.0,0.0,22.0,1.0,0.0,0.0,1.0,1.0,24.0,2.0,-0.5359999999999981,1.0,1.0,12.0,14.0,18.0
129,500.0,30.000000000000004,8.0,20.0,1.0,13.999999999999998,22.0,0.0,0.0,1.0,0.0,-1.0,24.0,2.0,-8.424200000000015,0.0,0.0,14.0,10.0,18.0
130,500.0,30.000000000000004,8.0,20.0,1.0,18.0,22.0,0.0,0.0,1.0,0.0,-1.0,168.0,2.0,0.10620000000000603,0.0,0.0,14.0,10.0,18.0
131,500.0,30.000000000000004,8.0,20.0,1.0,20.0,22.0,0.0,0.0,1.0,0.0,-1.0,24.0,1.0,-3.327499999999995,0.0,0.0,14.0,10.0,18.0
132,500.0,30.000000000000004,8.0,20.0,1.0,20.0,22.0,0.0,0.0,1.0,0.0,-1.0,24.0,1.0,-7.2914000000000065,0.0,0.0,14.0,10.0,18.0
133,28.87379795312155,100.0,5.0,30.0,0.0,20.0,22.0,0.0,0.0,0.0,1.0,-1.0,48.0,2.0,-0.17602999999999877,1.0,0.0,14.0,10.0,18.0
134,10.0,10.0,20.0,20.0,0.0,20.0,22.0,0.0,0.0,1.0,0.0,1.0,24.0,2.0,-3.327499999999995,0.0,0.0,12.0,14.0,18.0
135,500.0,30.000000000000004,8.0,20.0,1.0,21.0,22.0,0.0,0.0,1.0,0.0,-1.0,12.0,1.0,-0.21439999999999926,0.0,0.0,14.0,10.0,18.0
136,30.0,42.14,14.449999999999998,15.55,0.0,22.0,22.0,0.0,0.0,0.0,1.0,-1.0,48.0,2.0,-1.2435999999999965,0.0,0.0,14.0,10.0,18.0
137,500.0,30.000000000000004,8.0,20.0,1.0,22.0,22.0,0.0,0.0,1.0,0.0,-1.0,12.0,2.0,0.909,0.0,0.0,14.0,10.0,18.0
138,500.0,30.000000000000004,8.0,20.0,1.0,22.0,22.0,0.0,0.0,1.0,0.0,-1.0,12.0,1.0,0.909,0.0,0.0,14.0,10.0,18.0
139,500.0,30.000000000000004,8.0,20.0,1.0,22.0,22.0,0.0,0.0,1.0,0.0,-1.0,24.0,2.0,-7.2914000000000065,0.0,0.0,14.0,10.0,18.0
140,500.0,30.000000000000004,8.0,20.0,1.0,22.0,22.0,0.0,0.0,1.0,0.0,-1.0,24.0,2.0,-8.161100000000008,0.0,0.0,14.0,10.0,18.0
141,10.0,10.0,5.0,40.0,0.0,12.0,21.0,0.0,0.0,0.0,1.0,-1.0,48.0,2.0,0.31810000000000016,1.0,0.0,14.0,10.0,18.0
142,10.0,10.000012936478328,5.0,40.0,0.0,12.0,21.0,0.0,0.0,0.0,1.0,-1.0,48.0,2.0,0.31810000000000016,1.0,0.0,14.0,10.0,18.0
143,10.0,100.0,5.0,30.0,0.0,15.0,21.0,0.0,0.0,0.0,1.0,1.0,24.0,2.0,-3.327499999999995,0.0,0.0,12.0,14.0,18.0
144,10.0,100.0,5.0,30.0,0.0,19.0,21.0,0.0,0.0,0.0,1.0,1.0,240.0,1.0,1.5833000000000002,0.0,1.0,0.0,14.0,18.0
145,10.0,10.0,20.0,20.0,0.0,19.0,21.0,0.0,0.0,1.0,0.0,1.0,24.0,2.0,0.909,0.0,0.0,12.0,14.0,18.0
146,500.0,30.000000000000004,8.0,20.0,1.0,21.0,21.0,0.0,0.0,1.0,0.0,1.0,0.16,1.0,-1.2991999999999955,1.0,2.0,12.0,14.0,18.0
147,500.0,30.000000000000004,8.0,20.0,1.0,21.0,21.0,0.0,0.0,1.0,0.0,-1.0,8.0,2.0,0.909,0.0,0.0,14.0,10.0,18.0
148,500.0,30.000000000000004,8.0,20.0,1.0,21.0,21.0,0.0,0.0,1.0,0.0,-1.0,24.0,2.0,-1.172299999999999,0.0,0.0,14.0,10.0,18.0
149,500.0,30.000000000000004,8.0,20.0,1.0,21.0,21.0,0.0,0.0,1.0,0.0,-1.0,168.0,2.0,-1.172299999999999,0.0,0.0,14.0,10.0,18.0
150,500.0,30.000000000000004,8.0,20.0,1.0,21.0,21.0,0.0,0.0,1.0,0.0,-1.0,168.0,2.0,4.335420000000004,0.0,0.0,14.0,10.0,18.0
151,500.0,30.000000000000004,8.0,20.0,1.0,21.0,21.0,0.0,0.0,1.0,0.0,-1.0,12.0,2.0,-0.21439999999999926,0.0,0.0,14.0,10.0,18.0
152,500.0,30.000000000000004,8.0,20.0,1.0,6.999999999999999,20.0,0.0,0.0,1.0,0.0,1.0,0.16,1.0,1.2576000000000005,0.0,1.0,12.0,14.0,18.0
153,500.0,30.000000000000004,8.0,20.0,1.0,11.0,20.0,0.0,0.0,1.0,0.0,1.0,0.16,1.0,0.07350000000000063,0.0,1.0,12.0,14.0,18.0
154,10.0,10.0,5.0,40.0,0.0,11.0,20.0,0.0,0.0,0.0,1.0,-1.0,168.0,2.0,0.31810000000000016,1.0,0.0,14.0,10.0,18.0
155,10.0,10.0,5.0,40.0,0.0,11.0,20.0,0.0,0.0,0.0,1.0,-1.0,168.0,2.0,0.31810000000000016,1.0,0.0,14.0,10.0,18.0
156,15.813798108137881,100.0,5.0,30.0,0.0,12.0,20.0,0.0,0.0,0.0,1.0,-1.0,24.0,2.0,-0.17602999999999877,1.0,0.0,14.0,10.0,18.0
157,50.0,10.0,14.0,42.0,0.0,13.0,20.0,0.0,0.0,0.0,1.0,-1.0,168.0,2.0,0.909,0.0,0.0,14.0,10.0,18.0
158,500.0,30.000000000000004,8.0,20.0,1.0,15.0,20.0,0.0,0.0,1.0,0.0,-1.0,24.0,1.0,-8.424200000000015,0.0,0.0,14.0,10.0,18.0
159,5.0,10.0,14.0,42.0,0.0,15.0,20.0,0.0,0.0,0.0,1.0,-1.0,12.0,2.0,1.544,0.0,1.0,14.0,10.0,18.0
160,500.0,30.000000000000004,8.0,20.0,1.0,16.0,20.0,0.0,0.0,1.0,0.0,-1.0,24.0,1.0,1.785600000000004,0.0,0.0,14.0,10.0,18.0
161,16.200453671148402,100.0,5.0,30.0,0.0,16.0,20.0,0.0,0.0,0.0,1.0,1.0,24.0,2.0,-0.17602999999999877,1.0,0.0,12.0,14.0,18.0
162,500.0,30.000000000000004,8.0,20.0,1.0,17.0,20.0,0.0,0.0,1.0,0.0,-1.0,168.0,2.0,-0.21439999999999926,0.0,0.0,14.0,10.0,18.0
163,500.0,30.000000000000004,8.0,20.0,1.0,18.0,20.0,0.0,0.0,1.0,0.0,-1.0,168.0,2.0,-4.953199999999996,1.0,1.0,14.0,10.0,18.0
164,10.0,100.0,5.0,30.0,0.0,18.0,20.0,0.0,0.0,0.0,1.0,1.0,240.0,1.0,-0.17602999999999877,1.0,0.0,0.0,14.0,18.0
165,1.0,42.7,14.449999999999998,15.55,0.0,19.0,20.0,0.0,0.0,0.0,1.0,-1.0,48.0,2.0,1.8953200000000003,1.0,1.0,14.0,10.0,18.0
166,500.0,30.000000000000004,8.0,20.0,1.0,19.0,20.0,0.0,0.0,1.0,0.0,-1.0,12.0,2.0,-8.424200000000015,0.0,0.0,14.0,10.0,18.0
167,500.0,30.000000000000004,8.0,20.0,1.0,19.0,20.0,0.0,0.0,1.0,0.0,-1.0,24.0,1.0,-1.172299999999999,0.0,0.0,14.0,10.0,18.0
168,500.0,30.000000000000004,8.0,20.0,1.0,19.0,20.0,0.0,0.0,1.0,0.0,-1.0,24.0,2.0,-0.21439999999999926,0.0,0.0,14.0,10.0,18.0
169,500.0,30.000000000000004,8.0,20.0,1.0,20.0,20.0,0.0,0.0,1.0,0.0,1.0,0.16,1.0,-8.424200000000015,0.0,0.0,12.0,14.0,18.0
170,500.0,30.000000000000004,8.0,20.0,1.0,20.0,20.0,0.0,0.0,1.0,0.0,-1.0,12.0,1.0,-8.424200000000015,0.0,0.0,14.0,10.0,18.0
171,500.0,30.000000000000004,8.0,20.0,1.0,20.0,20.0,0.0,0.0,1.0,0.0,-1.0,12.0,1.0,0.023700000000000557,1.0,0.0,14.0,10.0,18.0
172,500.0,30.000000000000004,8.0,20.0,1.0,20.0,20.0,0.0,0.0,1.0,0.0,1.0,24.0,2.0,-4.953199999999996,1.0,1.0,12.0,14.0,18.0
173,500.0,30.000000000000004,8.0,20.0,1.0,20.0,20.0,0.0,0.0,1.0,0.0,-1.0,12.0,2.0,-1.2991999999999955,1.0,2.0,14.0,10.0,18.0
174,500.0,30.000000000000004,8.0,20.0,1.0,20.0,20.0,0.0,0.0,1.0,0.0,-1.0,24.0,2.0,-1.2991999999999955,1.0,2.0,14.0,10.0,18.0
175,500.0,30.000000000000004,8.0,20.0,1.0,20.0,20.0,0.0,0.0,1.0,0.0,-1.0,24.0,2.0,-1.2991999999999955,1.0,2.0,14.0,10.0,18.0
176,500.0,30.000000000000004,8.0,20.0,1.0,20.0,20.0,0.0,0.0,1.0,0.0,-1.0,8.0,2.0,-1.2991999999999955,1.0,2.0,14.0,10.0,18.0
177,500.0,30.000000000000004,8.0,20.0,1.0,20.0,20.0,0.0,0.0,1.0,0.0,-1.0,12.0,2.0,-1.1989999999999987,1.0,2.0,14.0,10.0,18.0
178,500.0,30.000000000000004,8.0,20.0,1.0,20.0,20.0,0.0,0.0,1.0,0.0,-1.0,12.0,1.0,-1.172299999999999,0.0,0.0,14.0,10.0,18.0
179,500.0,30.000000000000004,8.0,20.0,1.0,20.0,20.0,0.0,0.0,1.0,0.0,-1.0,8.0,2.0,1.785600000000004,0.0,0.0,14.0,10.0,18.0
180,500.0,30.000000000000004,8.0,20.0,1.0,20.0,20.0,0.0,0.0,1.0,0.0,1.0,0.16,1.0,-3.327499999999995,0.0,0.0,12.0,14.0,18.0
181,500.0,30.000000000000004,8.0,20.0,1.0,20.0,20.0,0.0,0.0,1.0,0.0,-1.0,24.0,2.0,-3.327499999999995,0.0,0.0,14.0,10.0,18.0
182,500.0,30.000000000000004,8.0,20.0,1.0,20.0,20.0,0.0,0.0,1.0,0.0,-1.0,12.0,1.0,-3.469899999999997,1.0,0.0,14.0,10.0,18.0
183,500.0,30.000000000000004,8.0,20.0,1.0,20.0,20.0,0.0,0.0,1.0,0.0,-1.0,8.0,2.0,-0.24029999999999746,1.0,0.0,14.0,10.0,18.0
184,500.0,30.000000000000004,8.0,20.0,1.0,20.0,20.0,0.0,0.0,1.0,0.0,-1.0,24.0,2.0,4.335420000000004,0.0,0.0,14.0,10.0,18.0
185,500.0,30.000000000000004,8.0,20.0,1.0,20.0,20.0,0.0,0.0,1.0,0.0,-1.0,24.0,2.0,-8.161100000000008,0.0,0.0,14.0,10.0,18.0
186,10.0,10.0,5.0,40.0,0.0,11.0,19.0,0.0,0.0,0.0,1.0,1.0,24.0,2.0,0.31810000000000016,1.0,0.0,12.0,14.0,18.0
187,10.0,10.0,5.0,40.0,0.0,11.0,19.0,0.0,0.0,0.0,1.0,1.0,24.0,2.0,0.31810000000000016,1.0,0.0,12.0,14.0,18.0
188,500.0,30.000000000000004,8.0,20.0,1.0,13.0,19.0,0.0,0.0,1.0,0.0,-1.0,8.0,2.0,0.07350000000000063,0.0,1.0,14.0,10.0,18.0
189,10.0,10.0,5.0,40.0,0.0,13.0,19.0,0.0,0.0,0.0,1.0,-1.0,168.0,2.0,-7.2914000000000065,0.0,0.0,14.0,10.0,18.0
190,10.0,10.0,5.0,40.0,0.0,13.0,19.0,0.0,0.0,0.0,1.0,-1.0,168.0,2.0,-7.2914000000000065,0.0,0.0,14.0,10.0,18.0
191,30.0,100.0,5.0,30.0,0.0,16.0,19.0,0.0,0.0,0.0,1.0,1.0,4.0,2.0,0.10620000000000603,0.0,0.0,12.0,14.0,18.0
192,500.0,30.000000000000004,8.0,20.0,1.0,18.0,19.0,0.0,0.0,1.0,0.0,1.0,24.0,2.0,0.31810000000000016,1.0,0.0,12.0,14.0,18.0
193,500.0,30.000000000000004,8.0,20.0,1.0,18.0,19.0,0.0,0.0,1.0,0.0,-1.0,48.0,2.0,0.10620000000000603,0.0,0.0,14.0,10.0,18.0
194,500.0,30.000000000000004,8.0,20.0,1.0,19.0,19.0,0.0,0.0,1.0,0.0,1.0,0.16,1.0,-1.172299999999999,0.0,0.0,12.0,14.0,18.0
195,500.0,30.000000000000004,8.0,20.0,1.0,19.0,19.0,0.0,0.0,1.0,0.0,1.0,0.16,1.0,1.785600000000004,0.0,0.0,12.0,14.0,18.0
196,500.0,30.000000000000004,8.0,20.0,1.0,18.5,18.5,0.0,0.0,1.0,0.0,-1.0,24.0,2.0,-1.1989999999999987,1.0,2.0,14.0,10.0,18.0
197,50.0,42.22,14.449999999999998,15.55,0.0,0.0,18.0,1.0,0.0,0.0,1.0,1.0,24.0,2.0,-0.09110000000000038,0.0,0.0,12.0,14.0,18.0
198,10.0,100.0,5.0,30.0,0.0,8.0,18.0,0.0,0.0,0.0,1.0,-1.0,24.0,2.0,1.5833000000000002,0.0,1.0,14.0,10.0,18.0
199,500.0,30.000000000000004,8.0,20.0,1.0,9.0,18.0,0.0,0.0,1.0,0.0,-1.0,48.0,2.0,-1.2991999999999955,1.0,2.0,14.0,10.0,18.0
200,500.0,30.000000000000004,8.0,20.0,1.0,10.0,18.0,0.0,0.0,1.0,0.0,-1.0,48.0,2.0,-8.424200000000015,0.0,0.0,14.0,10.0,18.0
201,10.0,100.0,5.0,30.0,0.0,13.999999999999998,18.0,0.0,0.0,0.0,1.0,-1.0,24.0,2.0,-3.327499999999995,0.0,0.0,14.0,10.0,18.0
202,500.0,30.000000000000004,8.0,20.0,1.0,15.0,18.0,0.0,0.0,1.0,0.0,-1.0,168.0,2.0,-1.1989999999999987,1.0,2.0,14.0,10.0,18.0
203,500.0,30.000000000000004,8.0,20.0,1.0,15.0,18.0,0.0,0.0,1.0,0.0,-1.0,8.0,2.0,-1.1989999999999987,1.0,2.0,14.0,10.0,18.0
204,500.0,30.000000000000004,8.0,20.0,1.0,15.0,18.0,0.0,0.0,1.0,0.0,-1.0,168.0,2.0,-0.24029999999999746,1.0,0.0,14.0,10.0,18.0
205,500.0,30.000000000000004,8.0,20.0,1.0,16.0,18.0,0.0,0.0,1.0,0.0,-1.0,8.0,2.0,-4.953199999999996,1.0,1.0,14.0,10.0,18.0
206,500.0,30.000000000000004,8.0,20.0,1.0,16.0,18.0,0.0,0.0,1.0,0.0,-1.0,24.0,2.0,-10.879699999999966,0.0,0.0,14.0,0.0,18.0
207,500.0,30.000000000000004,8.0,20.0,1.0,16.0,18.0,0.0,0.0,1.0,0.0,1.0,24.0,2.0,-8.161100000000008,0.0,0.0,12.0,14.0,18.0
208,30.0,100.0,5.0,30.0,0.0,16.0,18.0,0.0,0.0,0.0,1.0,-1.0,24.0,2.0,0.10620000000000603,0.0,0.0,14.0,10.0,18.0
209,500.0,30.000000000000004,8.0,20.0,1.0,18.0,18.0,0.0,0.0,1.0,0.0,-1.0,24.0,1.0,-4.953199999999996,1.0,1.0,14.0,10.0,18.0
210,500.0,30.000000000000004,8.0,20.0,1.0,18.0,18.0,0.0,0.0,1.0,0.0,-1.0,24.0,2.0,-1.1989999999999987,1.0,2.0,14.0,10.0,18.0
211,500.0,30.000000000000004,8.0,20.0,1.0,18.0,18.0,0.0,0.0,1.0,0.0,-1.0,12.0,2.0,-1.172299999999999,0.0,0.0,14.0,10.0,18.0
212,500.0,30.000000000000004,8.0,20.0,1.0,18.0,18.0,0.0,0.0,1.0,0.0,-1.0,24.0,2.0,1.785600000000004,0.0,0.0,14.0,10.0,18.0
213,500.0,30.000000000000004,8.0,20.0,1.0,18.0,18.0,0.0,0.0,1.0,0.0,-1.0,48.0,2.0,0.3736999999999991,1.0,0.0,14.0,10.0,18.0
214,500.0,30.000000000000004,8.0,20.0,1.0,18.0,18.0,0.0,0.0,1.0,0.0,1.0,24.0,2.0,0.3736999999999991,1.0,0.0,12.0,14.0,18.0
215,500.0,30.000000000000004,8.0,20.0,1.0,18.0,18.0,0.0,0.0,1.0,0.0,-1.0,24.0,2.0,-3.327499999999995,0.0,0.0,14.0,10.0,18.0
216,500.0,30.000000000000004,8.0,20.0,1.0,18.0,18.0,0.0,0.0,1.0,0.0,-1.0,12.0,2.0,-7.2914000000000065,0.0,0.0,14.0,10.0,18.0
217,500.0,30.000000000000004,8.0,20.0,1.0,18.0,18.0,0.0,0.0,1.0,0.0,-1.0,12.0,2.0,-0.24029999999999746,1.0,0.0,14.0,10.0,18.0
218,500.0,30.000000000000004,8.0,20.0,1.0,18.0,18.0,0.0,0.0,1.0,0.0,-1.0,24.0,2.0,-0.24029999999999746,1.0,0.0,14.0,10.0,18.0
219,500.0,30.000000000000004,8.0,20.0,1.0,18.0,18.0,0.0,0.0,1.0,0.0,-1.0,24.0,2.0,-0.24029999999999746,1.0,0.0,14.0,10.0,18.0
220,500.0,30.000000000000004,8.0,20.0,1.0,18.0,18.0,0.0,0.0,1.0,0.0,-1.0,8.0,2.0,4.335420000000004,0.0,0.0,14.0,10.0,18.0
221,500.0,30.000000000000004,8.0,20.0,1.0,18.0,18.0,0.0,0.0,1.0,0.0,-1.0,24.0,2.0,-0.21439999999999926,0.0,0.0,14.0,10.0,18.0
222,500.0,30.000000000000004,8.0,20.0,1.0,18.0,18.0,0.0,0.0,1.0,0.0,-1.0,24.0,2.0,-0.21439999999999926,0.0,0.0,14.0,10.0,18.0
223,500.0,30.000000000000004,8.0,20.0,1.0,18.0,18.0,0.0,0.0,1.0,0.0,-1.0,24.0,1.0,0.10620000000000603,0.0,0.0,14.0,10.0,18.0
224,30.0,10.0,14.0,42.0,0.0,18.0,18.0,0.0,0.0,0.0,1.0,1.0,24.0,2.0,1.5833000000000002,0.0,1.0,12.0,14.0,18.0
225,30.0,100.0,5.0,30.0,0.0,0.0,17.0,1.0,0.0,0.0,1.0,-1.0,24.0,2.0,0.10620000000000603,0.0,0.0,14.0,10.0,18.0
226,500.0,30.000000000000004,8.0,20.0,1.0,6.999999999999999,17.0,0.0,0.0,1.0,0.0,-1.0,24.0,2.0,0.909,0.0,0.0,14.0,10.0,18.0
227,10.0,10.0,5.0,40.0,0.0,10.0,17.0,0.0,0.0,0.0,1.0,1.0,240.0,1.0,0.31810000000000016,1.0,0.0,0.0,14.0,18.0
228,10.0,10.0,5.0,40.0,0.0,10.0,17.0,0.0,0.0,0.0,1.0,1.0,240.0,1.0,0.31810000000000016,1.0,0.0,0.0,14.0,18.0
229,500.0,30.000000000000004,8.0,20.0,1.0,13.999999999999998,17.0,0.0,0.0,1.0,0.0,-1.0,24.0,2.0,-4.953199999999996,1.0,1.0,14.0,10.0,18.0
230,500.0,30.000000000000004,8.0,20.0,1.0,16.0,17.0,0.0,0.0,1.0,0.0,-1.0,24.0,1.0,-1.2991999999999955,1.0,2.0,14.0,10.0,18.0
231,500.0,30.000000000000004,8.0,20.0,1.0,16.0,17.0,0.0,0.0,1.0,0.0,1.0,24.0,2.0,-7.2914000000000065,0.0,0.0,12.0,14.0,18.0
232,500.0,30.000000000000004,8.0,20.0,1.0,16.0,17.0,0.0,0.0,1.0,0.0,-1.0,48.0,2.0,1.2576000000000005,0.0,1.0,14.0,10.0,18.0
233,500.0,30.000000000000004,8.0,20.0,1.0,17.0,17.0,0.0,0.0,1.0,0.0,-1.0,24.0,2.0,-8.424200000000015,0.0,0.0,14.0,10.0,18.0
234,500.0,30.000000000000004,8.0,20.0,1.0,17.0,17.0,0.0,0.0,1.0,0.0,-1.0,24.0,2.0,-8.424200000000015,0.0,0.0,14.0,10.0,18.0
235,500.0,30.000000000000004,8.0,20.0,1.0,17.0,17.0,0.0,0.0,1.0,0.0,-1.0,24.0,2.0,-1.2991999999999955,1.0,2.0,14.0,10.0,18.0
236,500.0,30.000000000000004,8.0,20.0,1.0,17.0,17.0,0.0,0.0,1.0,0.0,1.0,24.0,2.0,-1.1989999999999987,1.0,2.0,12.0,14.0,18.0
237,500.0,30.000000000000004,8.0,20.0,1.0,17.0,17.0,0.0,0.0,1.0,0.0,-1.0,24.0,2.0,0.909,0.0,0.0,14.0,10.0,18.0
238,500.0,30.000000000000004,8.0,20.0,1.0,17.0,17.0,0.0,0.0,1.0,0.0,-1.0,24.0,2.0,0.3736999999999991,1.0,0.0,14.0,10.0,18.0
239,500.0,30.000000000000004,8.0,20.0,1.0,17.0,17.0,0.0,0.0,1.0,0.0,-1.0,12.0,2.0,-3.327499999999995,0.0,0.0,14.0,10.0,18.0
240,500.0,30.000000000000004,8.0,20.0,1.0,17.0,17.0,0.0,0.0,1.0,0.0,-1.0,48.0,2.0,-3.327499999999995,0.0,0.0,14.0,10.0,18.0
241,500.0,30.000000000000004,8.0,20.0,1.0,17.0,17.0,0.0,0.0,1.0,0.0,1.0,24.0,2.0,-3.327499999999995,0.0,0.0,12.0,14.0,18.0
242,500.0,30.000000000000004,8.0,20.0,1.0,17.0,17.0,0.0,0.0,1.0,0.0,-1.0,24.0,2.0,-7.2914000000000065,0.0,0.0,14.0,10.0,18.0
243,500.0,30.000000000000004,8.0,20.0,1.0,17.0,17.0,0.0,0.0,1.0,0.0,-1.0,24.0,2.0,-0.24029999999999746,1.0,0.0,14.0,10.0,18.0
244,500.0,30.000000000000004,8.0,20.0,1.0,17.0,17.0,0.0,0.0,1.0,0.0,-1.0,24.0,1.0,4.335420000000004,0.0,0.0,14.0,10.0,18.0
245,500.0,30.000000000000004,8.0,20.0,1.0,17.0,17.0,0.0,0.0,1.0,0.0,-1.0,24.0,2.0,-0.21439999999999926,0.0,0.0,14.0,10.0,18.0
246,2.5,100.0,5.0,30.0,0.0,0.0,16.0,1.0,0.0,0.0,1.0,1.0,24.0,2.0,1.2576000000000005,0.0,1.0,12.0,14.0,18.0
247,10.0,100.0,5.0,30.0,0.0,0.0,16.0,1.0,0.0,0.0,1.0,-1.0,24.0,2.0,-3.327499999999995,0.0,0.0,14.0,10.0,18.0
248,500.0,30.000000000000004,8.0,20.0,1.0,6.999999999999999,16.0,0.0,0.0,1.0,0.0,-1.0,24.0,2.0,-7.2914000000000065,0.0,0.0,14.0,10.0,18.0
249,500.0,30.000000000000004,8.0,20.0,1.0,6.999999999999999,16.0,0.0,0.0,1.0,0.0,-1.0,24.0,2.0,0.07350000000000063,0.0,1.0,14.0,10.0,18.0
250,500.0,30.000000000000004,8.0,20.0,1.0,6.999999999999999,16.0,0.0,0.0,1.0,0.0,-1.0,24.0,2.0,-3.469899999999997,1.0,0.0,14.0,10.0,18.0
251,500.0,30.000000000000004,8.0,20.0,1.0,6.999999999999999,16.0,0.0,0.0,1.0,0.0,-1.0,24.0,2.0,1.2576000000000005,0.0,1.0,14.0,10.0,18.0
252,500.0,30.000000000000004,8.0,20.0,1.0,6.999999999999999,16.0,0.0,0.0,1.0,0.0,-1.0,24.0,2.0,0.10620000000000603,0.0,0.0,14.0,10.0,18.0
253,500.0,30.000000000000004,8.0,20.0,1.0,8.0,16.0,0.0,0.0,1.0,0.0,-1.0,24.0,2.0,0.31810000000000016,1.0,0.0,14.0,10.0,18.0
254,10.0,10.0,5.0,40.0,0.0,12.0,16.0,0.0,0.0,0.0,1.0,-1.0,48.0,2.0,-7.2914000000000065,0.0,0.0,14.0,10.0,18.0
255,10.0,10.0,5.0,40.0,0.0,12.0,16.0,0.0,0.0,0.0,1.0,-1.0,48.0,2.0,-7.2914000000000065,0.0,0.0,14.0,10.0,18.0
256,10.0,10.0,5.0,40.0,0.0,13.0,16.0,0.0,0.0,0.0,1.0,-1.0,48.0,2.0,1.785600000000004,0.0,0.0,14.0,10.0,18.0
257,10.0,10.0,5.0,40.0,0.0,13.0,16.0,0.0,0.0,0.0,1.0,-1.0,48.0,2.0,1.785600000000004,0.0,0.0,14.0,10.0,18.0
258,500.0,30.000000000000004,8.0,20.0,1.0,13.999999999999998,16.0,0.0,0.0,1.0,0.0,-1.0,48.0,2.0,-7.2914000000000065,0.0,0.0,14.0,10.0,18.0
259,500.0,30.000000000000004,8.0,20.0,1.0,15.0,16.0,0.0,0.0,1.0,0.0,1.0,0.16,1.0,-4.953199999999996,1.0,1.0,12.0,14.0,18.0
260,30.0,10.0,14.0,42.0,0.0,15.0,16.0,0.0,0.0,0.0,1.0,-1.0,12.0,2.0,1.4230200000000002,0.0,2.0,14.0,10.0,18.0
261,500.0,30.000000000000004,8.0,20.0,1.0,16.0,16.0,0.0,0.0,1.0,0.0,-1.0,24.0,2.0,0.023700000000000557,1.0,0.0,14.0,10.0,18.0
262,500.0,30.000000000000004,8.0,20.0,1.0,16.0,16.0,0.0,0.0,1.0,0.0,-1.0,24.0,2.0,-4.953199999999996,1.0,1.0,14.0,10.0,18.0
263,500.0,30.000000000000004,8.0,20.0,1.0,16.0,16.0,0.0,0.0,1.0,0.0,-1.0,168.0,2.0,-1.2991999999999955,1.0,2.0,14.0,10.0,18.0
264,500.0,30.000000000000004,8.0,20.0,1.0,16.0,16.0,0.0,0.0,1.0,0.0,-1.0,24.0,2.0,-1.1989999999999987,1.0,2.0,14.0,10.0,18.0
265,500.0,30.000000000000004,8.0,20.0,1.0,16.0,16.0,0.0,0.0,1.0,0.0,-1.0,24.0,2.0,0.909,0.0,0.0,14.0,10.0,18.0
266,500.0,30.000000000000004,8.0,20.0,1.0,16.0,16.0,0.0,0.0,1.0,0.0,-1.0,24.0,2.0,-10.879699999999966,0.0,0.0,14.0,10.0,18.0
267,500.0,30.000000000000004,8.0,20.0,1.0,16.0,16.0,0.0,0.0,1.0,0.0,1.0,0.16,1.0,4.335420000000004,0.0,0.0,12.0,14.0,18.0
268,500.0,30.000000000000004,8.0,20.0,1.0,16.0,16.0,0.0,0.0,1.0,0.0,-1.0,24.0,2.0,4.335420000000004,0.0,0.0,14.0,10.0,18.0
269,500.0,30.000000000000004,8.0,20.0,1.0,16.0,16.0,0.0,0.0,1.0,0.0,-1.0,24.0,2.0,-8.161100000000008,0.0,0.0,14.0,10.0,18.0
270,500.0,30.000000000000004,8.0,20.0,1.0,16.0,16.0,0.0,0.0,1.0,0.0,-1.0,12.0,2.0,1.2576000000000005,0.0,1.0,14.0,10.0,18.0
271,30.0,10.0,5.0,32.0,0.0,16.0,16.0,0.0,0.0,0.0,1.0,1.0,24.0,2.0,0.4449000000000014,1.0,0.0,12.0,14.0,18.0
272,500.0,30.000000000000004,8.0,20.0,1.0,10.0,15.299999999999999,0.0,0.0,1.0,0.0,-1.0,24.0,2.0,4.335420000000004,0.0,0.0,14.0,10.0,18.0
273,10.0,100.0,5.0,30.0,0.0,0.0,15.0,1.0,0.0,0.0,1.0,-1.0,24.0,2.0,1.5833000000000002,0.0,1.0,14.0,10.0,18.0
274,2.5,100.0,5.0,30.0,0.0,0.0,15.0,1.0,0.0,0.0,1.0,1.0,24.0,2.0,1.2576000000000005,0.0,1.0,12.0,14.0,18.0
275,500.0,30.000000000000004,8.0,20.0,1.0,6.999999999999999,15.0,0.0,0.0,1.0,0.0,-1.0,24.0,2.0,0.31810000000000016,1.0,0.0,14.0,10.0,18.0
276,500.0,30.000000000000004,8.0,20.0,1.0,6.999999999999999,15.0,0.0,0.0,1.0,0.0,-1.0,24.0,2.0,0.3736999999999991,1.0,0.0,14.0,10.0,18.0
277,500.0,30.000000000000004,8.0,20.0,1.0,6.999999999999999,15.0,0.0,0.0,1.0,0.0,-1.0,24.0,2.0,-0.24029999999999746,1.0,0.0,14.0,10.0,18.0
278,500.0,30.000000000000004,8.0,20.0,1.0,6.999999999999999,15.0,0.0,0.0,1.0,0.0,-1.0,24.0,1.0,-0.24029999999999746,1.0,0.0,14.0,10.0,18.0
279,500.0,30.000000000000004,8.0,20.0,1.0,6.999999999999999,15.0,0.0,0.0,1.0,0.0,-1.0,8.0,2.0,1.2576000000000005,0.0,1.0,14.0,10.0,18.0
280,10.0,100.0,5.0,30.0,0.0,8.0,15.0,0.0,0.0,0.0,1.0,1.0,24.0,2.0,-3.327499999999995,0.0,0.0,12.0,14.0,18.0
281,15.0,10.0,14.0,42.0,0.0,10.0,15.0,0.0,0.0,0.0,1.0,1.0,24.0,2.0,1.785600000000004,0.0,0.0,12.0,14.0,18.0
282,500.0,30.000000000000004,8.0,20.0,1.0,11.0,15.0,0.0,0.0,1.0,0.0,1.0,24.0,2.0,-8.424200000000015,0.0,0.0,12.0,14.0,18.0
283,500.0,30.000000000000004,8.0,20.0,1.0,13.0,15.0,0.0,0.0,1.0,0.0,-1.0,24.0,2.0,-1.1989999999999987,1.0,2.0,14.0,10.0,18.0
284,10.0,10.0,14.0,42.0,0.0,13.999999999999998,15.0,0.0,0.0,0.0,1.0,1.0,24.0,2.0,-3.327499999999995,0.0,0.0,12.0,14.0,18.0
285,500.0,30.000000000000004,8.0,20.0,1.0,15.0,15.0,0.0,0.0,1.0,0.0,-1.0,24.0,2.0,-4.953199999999996,1.0,1.0,14.0,10.0,18.0
286,500.0,30.000000000000004,8.0,20.0,1.0,15.0,15.0,0.0,0.0,1.0,0.0,-1.0,24.0,2.0,-4.953199999999996,1.0,1.0,14.0,10.0,18.0
287,500.0,30.000000000000004,8.0,20.0,1.0,15.0,15.0,0.0,0.0,1.0,0.0,-1.0,24.0,1.0,-1.1989999999999987,1.0,2.0,14.0,10.0,18.0
288,500.0,30.000000000000004,8.0,20.0,1.0,15.0,15.0,0.0,0.0,1.0,0.0,-1.0,24.0,2.0,0.3736999999999991,1.0,0.0,14.0,10.0,18.0
289,500.0,30.000000000000004,8.0,20.0,1.0,15.0,15.0,0.0,0.0,1.0,0.0,1.0,24.0,2.0,-3.469899999999997,1.0,0.0,12.0,14.0,18.0
290,500.0,30.000000000000004,8.0,20.0,1.0,15.0,15.0,0.0,0.0,1.0,0.0,-1.0,8.0,2.0,-3.469899999999997,1.0,0.0,14.0,10.0,18.0
291,500.0,30.000000000000004,8.0,20.0,1.0,15.0,15.0,0.0,0.0,1.0,0.0,-1.0,48.0,2.0,-0.24029999999999746,1.0,0.0,14.0,10.0,18.0
292,500.0,30.000000000000004,8.0,20.0,1.0,15.0,15.0,0.0,0.0,1.0,0.0,1.0,24.0,2.0,-0.24029999999999746,1.0,0.0,12.0,14.0,18.0
293,500.0,30.000000000000004,8.0,20.0,1.0,15.0,15.0,0.0,0.0,1.0,0.0,-1.0,24.0,2.0,-10.879699999999966,0.0,0.0,14.0,10.0,18.0
294,500.0,30.000000000000004,8.0,20.0,1.0,15.0,15.0,0.0,0.0,1.0,0.0,-1.0,48.0,2.0,4.335420000000004,0.0,0.0,14.0,10.0,18.0
295,500.0,30.000000000000004,8.0,20.0,1.0,15.0,15.0,0.0,0.0,1.0,0.0,-1.0,24.0,2.0,4.335420000000004,0.0,0.0,14.0,10.0,18.0
296,500.0,30.000000000000004,8.0,20.0,1.0,15.0,15.0,0.0,0.0,1.0,0.0,-1.0,24.0,2.0,4.335420000000004,0.0,0.0,14.0,10.0,18.0
297,500.0,30.000000000000004,8.0,20.0,1.0,15.0,15.0,0.0,0.0,1.0,0.0,1.0,24.0,2.0,0.10620000000000603,0.0,0.0,12.0,14.0,18.0
298,30.0,10.0,5.0,32.0,0.0,15.0,15.0,0.0,0.0,0.0,1.0,-1.0,48.0,2.0,0.4449000000000014,1.0,0.0,14.0,10.0,18.0
299,20.925246635664905,100.0,5.0,30.0,0.0,0.0,14.000000000000002,1.0,0.0,0.0,1.0,-1.0,24.0,2.0,-0.17602999999999877,1.0,0.0,14.0,10.0,18.0
300,10.0,100.0,5.0,30.0,0.0,0.0,14.000000000000002,1.0,0.0,0.0,1.0,1.0,24.0,2.0,1.5833000000000002,0.0,1.0,12.0,14.0,18.0
301,10.0,100.0,5.0,30.0,0.0,0.0,14.000000000000002,1.0,0.0,0.0,1.0,-1.0,48.0,2.0,1.5833000000000002,0.0,1.0,14.0,10.0,18.0
302,30.0,100.0,5.0,30.0,0.0,0.0,14.000000000000002,1.0,0.0,0.0,1.0,1.0,24.0,2.0,0.10620000000000603,0.0,0.0,12.0,14.0,18.0
303,10.0,10.0,14.0,42.0,0.0,0.0,14.000000000000002,1.0,0.0,0.0,1.0,1.0,24.0,2.0,-3.469899999999997,1.0,0.0,12.0,14.0,18.0
304,500.0,30.000000000000004,8.0,20.0,1.0,6.999999999999999,14.000000000000002,0.0,0.0,1.0,0.0,-1.0,24.0,2.0,1.785600000000004,0.0,0.0,14.0,10.0,18.0
305,500.0,30.000000000000004,8.0,20.0,1.0,6.999999999999999,14.000000000000002,0.0,0.0,1.0,0.0,-1.0,48.0,2.0,1.4230200000000002,0.0,2.0,14.0,10.0,18.0
306,10.0,10.0,5.0,32.0,0.0,7.5,14.000000000000002,0.0,0.0,0.0,1.0,1.0,24.0,2.0,0.023700000000000557,1.0,0.0,12.0,14.0,18.0
307,500.0,30.000000000000004,8.0,20.0,1.0,9.0,14.000000000000002,0.0,0.0,1.0,0.0,-1.0,12.0,1.0,1.4230200000000002,0.0,2.0,14.0,10.0,18.0
308,500.0,30.000000000000004,8.0,20.0,1.0,10.0,14.000000000000002,0.0,0.0,1.0,0.0,1.0,0.16,1.0,-0.24029999999999746,1.0,0.0,12.0,14.0,18.0
309,5.0,10.0,5.0,32.0,0.0,10.0,14.000000000000002,0.0,0.0,0.0,1.0,1.0,24.0,2.0,1.785600000000004,0.0,0.0,12.0,14.0,18.0
310,500.0,30.000000000000004,8.0,20.0,1.0,11.0,14.000000000000002,0.0,0.0,1.0,0.0,-1.0,8.0,2.0,-10.879699999999966,0.0,0.0,14.0,10.0,18.0
311,500.0,30.000000000000004,8.0,20.0,1.0,12.0,14.000000000000002,0.0,0.0,1.0,0.0,-1.0,24.0,2.0,-3.327499999999995,0.0,0.0,14.0,10.0,18.0
312,500.0,30.000000000000004,8.0,20.0,1.0,13.0,14.000000000000002,0.0,0.0,1.0,0.0,-1.0,8.0,2.0,0.31810000000000016,1.0,0.0,14.0,10.0,18.0
313,500.0,30.000000000000004,8.0,20.0,1.0,13.999999999999998,14.000000000000002,0.0,0.0,1.0,0.0,-1.0,12.0,2.0,0.31810000000000016,1.0,0.0,14.0,10.0,18.0
314,500.0,30.000000000000004,8.0,20.0,1.0,13.999999999999998,14.000000000000002,0.0,0.0,1.0,0.0,1.0,0.16,1.0,-1.1989999999999987,1.0,2.0,12.0,14.0,18.0
315,500.0,30.000000000000004,8.0,20.0,1.0,13.999999999999998,14.000000000000002,0.0,0.0,1.0,0.0,-1.0,168.0,2.0,0.3736999999999991,1.0,0.0,14.0,10.0,18.0
316,500.0,30.000000000000004,8.0,20.0,1.0,13.999999999999998,14.000000000000002,0.0,0.0,1.0,0.0,-1.0,24.0,2.0,1.4230200000000002,0.0,2.0,14.0,0.0,18.0
317,500.0,30.000000000000004,8.0,20.0,1.0,13.999999999999998,14.000000000000002,0.0,0.0,1.0,0.0,-1.0,24.0,2.0,-3.469899999999997,1.0,0.0,14.0,10.0,18.0
318,500.0,30.000000000000004,8.0,20.0,1.0,13.999999999999998,14.000000000000002,0.0,0.0,1.0,0.0,-1.0,24.0,2.0,-10.879699999999966,0.0,0.0,14.0,10.0,18.0
319,500.0,30.000000000000004,8.0,20.0,1.0,13.999999999999998,14.000000000000002,0.0,0.0,1.0,0.0,-1.0,12.0,1.0,-10.879699999999966,0.0,0.0,14.0,10.0,18.0
320,2.5,100.0,5.0,30.0,0.0,0.0,13.0,1.0,0.0,0.0,1.0,-1.0,24.0,2.0,1.2576000000000005,0.0,1.0,14.0,10.0,18.0
321,30.0,100.0,5.0,30.0,0.0,0.0,13.0,1.0,0.0,0.0,1.0,-1.0,24.0,2.0,0.10620000000000603,0.0,0.0,14.0,10.0,18.0
322,2.5,100.0,5.0,30.0,0.0,0.0,13.0,1.0,0.0,0.0,1.0,-1.0,24.0,2.0,1.2576000000000005,0.0,1.0,14.0,10.0,18.0
323,2.5,100.0,5.0,30.0,0.0,0.0,13.0,1.0,0.0,0.0,1.0,1.0,4.0,2.0,1.2576000000000005,0.0,1.0,12.0,14.0,18.0
324,30.0,100.0,5.0,30.0,0.0,0.0,13.0,1.0,0.0,0.0,1.0,1.0,24.0,2.0,0.10620000000000603,0.0,0.0,12.0,14.0,18.0
325,2.5,100.0,5.0,30.0,0.0,0.0,13.0,1.0,0.0,0.0,1.0,1.0,240.0,1.0,1.2576000000000005,0.0,1.0,0.0,14.0,18.0
326,2.5,100.0,5.0,30.0,0.0,0.0,13.0,1.0,0.0,0.0,1.0,-1.0,48.0,2.0,1.2576000000000005,0.0,1.0,14.0,10.0,18.0
327,30.0,100.0,5.0,30.0,0.0,0.0,13.0,1.0,0.0,0.0,1.0,-1.0,48.0,2.0,0.10620000000000603,0.0,0.0,14.0,10.0,18.0
328,30.0,10.0,5.0,32.0,0.0,0.0,13.0,1.0,0.0,0.0,1.0,1.0,24.0,2.0,0.10620000000000603,0.0,0.0,12.0,14.0,18.0
329,500.0,30.000000000000004,8.0,20.0,1.0,6.999999999999999,13.0,0.0,0.0,1.0,0.0,-1.0,24.0,2.0,1.785600000000004,0.0,0.0,14.0,10.0,18.0
330,500.0,30.000000000000004,8.0,20.0,1.0,6.999999999999999,13.0,0.0,0.0,1.0,0.0,-1.0,168.0,2.0,1.785600000000004,0.0,0.0,14.0,10.0,18.0
331,500.0,30.000000000000004,8.0,20.0,1.0,6.999999999999999,13.0,0.0,0.0,1.0,0.0,-1.0,24.0,2.0,1.4230200000000002,0.0,2.0,14.0,10.0,18.0
332,500.0,30.000000000000004,8.0,20.0,1.0,6.999999999999999,13.0,0.0,0.0,1.0,0.0,-1.0,24.0,1.0,1.4230200000000002,0.0,2.0,14.0,10.0,18.0
333,500.0,30.000000000000004,8.0,20.0,1.0,6.999999999999999,13.0,0.0,0.0,1.0,0.0,-1.0,24.0,1.0,0.07350000000000063,0.0,1.0,14.0,10.0,18.0
334,500.0,30.000000000000004,8.0,20.0,1.0,6.999999999999999,13.0,0.0,0.0,1.0,0.0,-1.0,24.0,2.0,-3.469899999999997,1.0,0.0,14.0,10.0,18.0
335,500.0,30.000000000000004,8.0,20.0,1.0,6.999999999999999,13.0,0.0,0.0,1.0,0.0,-1.0,24.0,2.0,-3.469899999999997,1.0,0.0,14.0,10.0,18.0
336,500.0,30.000000000000004,8.0,20.0,1.0,6.999999999999999,13.0,0.0,0.0,1.0,0.0,-1.0,24.0,2.0,1.2576000000000005,0.0,1.0,14.0,10.0,18.0
337,500.0,30.000000000000004,8.0,20.0,1.0,6.999999999999999,13.0,0.0,0.0,1.0,0.0,-1.0,24.0,1.0,1.2576000000000005,0.0,1.0,14.0,10.0,18.0
338,500.0,30.000000000000004,8.0,20.0,1.0,6.999999999999999,13.0,0.0,0.0,1.0,0.0,-1.0,12.0,1.0,1.2576000000000005,0.0,1.0,14.0,10.0,18.0
339,500.0,30.000000000000004,8.0,20.0,1.0,6.999999999999999,13.0,0.0,0.0,1.0,0.0,-1.0,24.0,2.0,0.10620000000000603,0.0,0.0,14.0,10.0,18.0
340,500.0,30.000000000000004,8.0,20.0,1.0,10.0,13.0,0.0,0.0,1.0,0.0,-1.0,24.0,2.0,-4.953199999999996,1.0,1.0,14.0,10.0,18.0
341,30.0,10.0,14.0,42.0,0.0,10.0,13.0,0.0,0.0,0.0,1.0,1.0,24.0,2.0,5.666100000000005,0.0,0.0,12.0,14.0,18.0
342,500.0,30.000000000000004,8.0,20.0,1.0,11.0,13.0,0.0,0.0,1.0,0.0,-1.0,24.0,1.0,0.31810000000000016,1.0,0.0,14.0,10.0,18.0
343,500.0,30.000000000000004,8.0,20.0,1.0,12.0,13.0,0.0,0.0,1.0,0.0,-1.0,24.0,2.0,0.3736999999999991,1.0,0.0,14.0,10.0,18.0
344,500.0,30.000000000000004,8.0,20.0,1.0,13.0,13.0,0.0,0.0,1.0,0.0,-1.0,24.0,2.0,-1.172299999999999,0.0,0.0,14.0,10.0,18.0
345,500.0,30.000000000000004,8.0,20.0,1.0,13.0,13.0,0.0,0.0,1.0,0.0,-1.0,12.0,2.0,0.3736999999999991,1.0,0.0,14.0,10.0,18.0
346,500.0,30.000000000000004,8.0,20.0,1.0,13.0,13.0,0.0,0.0,1.0,0.0,-1.0,24.0,2.0,-3.469899999999997,1.0,0.0,14.0,10.0,18.0
347,500.0,30.000000000000004,8.0,20.0,1.0,13.0,13.0,0.0,0.0,1.0,0.0,-1.0,12.0,2.0,-10.879699999999966,0.0,0.0,14.0,10.0,18.0
348,500.0,30.000000000000004,8.0,20.0,1.0,13.0,13.0,0.0,0.0,1.0,0.0,-1.0,12.0,2.0,4.335420000000004,0.0,0.0,14.0,10.0,18.0
349,500.0,30.000000000000004,8.0,20.0,1.0,13.0,13.0,0.0,0.0,1.0,0.0,-1.0,12.0,1.0,4.335420000000004,0.0,0.0,14.0,10.0,18.0
350,2.5,100.0,5.0,30.0,0.0,0.0,12.0,1.0,0.0,0.0,1.0,-1.0,24.0,2.0,1.2576000000000005,0.0,1.0,14.0,10.0,18.0
351,10.0,10.0,5.0,32.0,0.0,0.0,12.0,1.0,0.0,0.0,1.0,1.0,24.0,2.0,-3.469899999999997,1.0,0.0,12.0,14.0,18.0
352,25.0,10.0,14.0,42.0,0.0,0.0,12.0,1.0,0.0,0.0,1.0,-1.0,48.0,2.0,0.31810000000000016,1.0,0.0,14.0,10.0,18.0
353,500.0,30.000000000000004,8.0,20.0,1.0,6.999999999999999,12.0,0.0,0.0,1.0,0.0,-1.0,24.0,2.0,0.023700000000000557,1.0,0.0,14.0,10.0,18.0
354,500.0,30.000000000000004,8.0,20.0,1.0,6.999999999999999,12.0,0.0,0.0,1.0,0.0,-1.0,168.0,2.0,0.023700000000000557,1.0,0.0,14.0,10.0,18.0
355,500.0,30.000000000000004,8.0,20.0,1.0,6.999999999999999,12.0,0.0,0.0,1.0,0.0,-1.0,24.0,2.0,0.31810000000000016,1.0,0.0,14.0,10.0,18.0
356,500.0,30.000000000000004,8.0,20.0,1.0,6.999999999999999,12.0,0.0,0.0,1.0,0.0,-1.0,24.0,2.0,0.909,0.0,0.0,14.0,10.0,18.0
357,500.0,30.000000000000004,8.0,20.0,1.0,6.999999999999999,12.0,0.0,0.0,1.0,0.0,-1.0,12.0,2.0,-3.469899999999997,1.0,0.0,14.0,10.0,18.0
358,500.0,30.000000000000004,8.0,20.0,1.0,6.999999999999999,12.0,0.0,0.0,1.0,0.0,-1.0,24.0,2.0,0.10620000000000603,0.0,0.0,14.0,10.0,18.0
359,10.0,10.0,5.0,32.0,0.0,8.0,12.0,0.0,0.0,0.0,1.0,-1.0,48.0,2.0,-3.469899999999997,1.0,0.0,14.0,10.0,18.0
360,5.0,10.0,5.0,32.0,0.0,8.0,12.0,0.0,0.0,0.0,1.0,-1.0,48.0,2.0,1.785600000000004,0.0,0.0,14.0,10.0,18.0
361,500.0,30.000000000000004,8.0,20.0,1.0,9.0,12.0,0.0,0.0,1.0,0.0,1.0,0.16,1.0,1.4230200000000002,0.0,2.0,12.0,14.0,18.0
362,10.0,100.0,5.0,30.0,0.0,9.0,12.0,0.0,0.0,0.0,1.0,-1.0,48.0,2.0,-3.327499999999995,0.0,0.0,14.0,10.0,18.0
363,500.0,30.000000000000004,8.0,20.0,1.0,10.0,12.0,0.0,0.0,1.0,0.0,-1.0,24.0,2.0,0.07350000000000063,0.0,1.0,14.0,10.0,18.0
364,10.0,10.0,5.0,32.0,0.0,10.0,12.0,0.0,0.0,0.0,1.0,-1.0,48.0,2.0,0.023700000000000557,1.0,0.0,14.0,10.0,18.0
365,500.0,30.000000000000004,8.0,20.0,1.0,11.0,12.0,0.0,0.0,1.0,0.0,-1.0,24.0,2.0,-1.172299999999999,0.0,0.0,14.0,10.0,18.0
366,500.0,30.000000000000004,8.0,20.0,1.0,11.0,12.0,0.0,0.0,1.0,0.0,-1.0,12.0,2.0,1.4230200000000002,0.0,2.0,14.0,10.0,18.0
367,500.0,30.000000000000004,8.0,20.0,1.0,11.0,12.0,0.0,0.0,1.0,0.0,-1.0,8.0,2.0,1.4230200000000002,0.0,2.0,14.0,10.0,18.0
368,500.0,30.000000000000004,8.0,20.0,1.0,11.0,12.0,0.0,0.0,1.0,0.0,-1.0,24.0,1.0,-10.879699999999966,0.0,0.0,14.0,10.0,18.0
369,500.0,30.000000000000004,8.0,20.0,1.0,12.0,12.0,0.0,0.0,1.0,0.0,-1.0,48.0,2.0,0.023700000000000557,1.0,0.0,14.0,10.0,18.0
370,500.0,30.000000000000004,8.0,20.0,1.0,12.0,12.0,0.0,0.0,1.0,0.0,-1.0,48.0,2.0,-1.172299999999999,0.0,0.0,14.0,10.0,18.0
371,500.0,30.000000000000004,8.0,20.0,1.0,12.0,12.0,0.0,0.0,1.0,0.0,-1.0,24.0,2.0,0.10620000000000603,0.0,0.0,14.0,10.0,18.0
372,500.0,30.000000000000004,8.0,20.0,1.0,6.999999999999999,11.0,0.0,0.0,1.0,0.0,-1.0,24.0,2.0,1.785600000000004,0.0,0.0,14.0,10.0,18.0
373,500.0,30.000000000000004,8.0,20.0,1.0,6.999999999999999,11.0,0.0,0.0,1.0,0.0,-1.0,24.0,2.0,1.785600000000004,0.0,0.0,14.0,10.0,18.0
374,500.0,30.000000000000004,8.0,20.0,1.0,6.999999999999999,11.0,0.0,0.0,1.0,0.0,1.0,24.0,2.0,1.4230200000000002,0.0,2.0,12.0,14.0,18.0
375,500.0,30.000000000000004,8.0,20.0,1.0,6.999999999999999,11.0,0.0,0.0,1.0,0.0,-1.0,24.0,2.0,0.07350000000000063,0.0,1.0,14.0,10.0,18.0
376,500.0,30.000000000000004,8.0,20.0,1.0,6.999999999999999,11.0,0.0,0.0,1.0,0.0,-1.0,24.0,2.0,0.07350000000000063,0.0,1.0,14.0,10.0,18.0
377,500.0,30.000000000000004,8.0,20.0,1.0,6.999999999999999,11.0,0.0,0.0,1.0,0.0,1.0,0.16,1.0,-3.469899999999997,1.0,0.0,12.0,14.0,18.0
378,500.0,30.000000000000004,8.0,20.0,1.0,6.999999999999999,11.0,0.0,0.0,1.0,0.0,-1.0,24.0,1.0,-3.469899999999997,1.0,0.0,14.0,10.0,18.0
379,500.0,30.000000000000004,8.0,20.0,1.0,6.999999999999999,11.0,0.0,0.0,1.0,0.0,-1.0,24.0,2.0,1.2576000000000005,0.0,1.0,14.0,10.0,18.0
380,500.0,30.000000000000004,8.0,20.0,1.0,6.999999999999999,11.0,0.0,0.0,1.0,0.0,-1.0,24.0,2.0,1.2576000000000005,0.0,1.0,14.0,10.0,18.0
381,10.0,10.0,5.0,40.0,0.0,9.0,11.0,0.0,0.0,0.0,1.0,1.0,24.0,2.0,-7.2914000000000065,0.0,0.0,12.0,14.0,18.0
382,10.0,10.0,5.0,40.0,0.0,9.0,11.0,0.0,0.0,0.0,1.0,1.0,24.0,2.0,-7.2914000000000065,0.0,0.0,12.0,14.0,18.0
383,10.0,10.0,5.0,40.0,0.0,10.0,11.0,0.0,0.0,0.0,1.0,1.0,240.0,1.0,0.909,0.0,0.0,0.0,14.0,18.0
384,10.0,10.0,5.0,40.0,0.0,10.0,11.0,0.0,0.0,0.0,1.0,1.0,240.0,1.0,-7.2914000000000065,0.0,0.0,0.0,14.0,18.0
385,10.0,10.0,5.0,40.0,0.0,10.0,11.0,0.0,0.0,0.0,1.0,1.0,240.0,1.0,0.909,0.0,0.0,0.0,14.0,18.0
386,10.0,10.0,5.0,40.0,0.0,10.0,11.0,0.0,0.0,0.0,1.0,1.0,240.0,1.0,-7.2914000000000065,0.0,0.0,0.0,14.0,18.0
387,500.0,30.000000000000004,8.0,20.0,1.0,11.0,11.0,0.0,0.0,1.0,0.0,-1.0,8.0,2.0,0.023700000000000557,1.0,0.0,14.0,10.0,18.0
388,500.0,30.000000000000004,8.0,20.0,1.0,11.0,11.0,0.0,0.0,1.0,0.0,-1.0,24.0,2.0,-1.1989999999999987,1.0,2.0,14.0,10.0,18.0
389,500.0,30.000000000000004,8.0,20.0,1.0,11.0,11.0,0.0,0.0,1.0,0.0,1.0,24.0,2.0,-1.172299999999999,0.0,0.0,12.0,14.0,18.0
390,30.0,10.0,5.0,32.0,0.0,0.0,10.0,1.0,0.0,0.0,1.0,-1.0,48.0,2.0,0.10620000000000603,0.0,0.0,14.0,10.0,18.0
391,15.0,10.0,14.0,42.0,0.0,0.0,10.0,1.0,0.0,0.0,1.0,-1.0,48.0,2.0,1.785600000000004,0.0,0.0,14.0,10.0,18.0
392,500.0,30.000000000000004,8.0,20.0,1.0,6.999999999999999,10.0,0.0,0.0,1.0,0.0,-1.0,24.0,2.0,0.023700000000000557,1.0,0.0,14.0,10.0,18.0
393,500.0,30.000000000000004,8.0,20.0,1.0,6.999999999999999,10.0,0.0,0.0,1.0,0.0,-1.0,24.0,1.0,0.023700000000000557,1.0,0.0,14.0,10.0,18.0
394,500.0,30.000000000000004,8.0,20.0,1.0,6.999999999999999,10.0,0.0,0.0,1.0,0.0,1.0,24.0,2.0,0.023700000000000557,1.0,0.0,12.0,14.0,18.0
395,500.0,30.000000000000004,8.0,20.0,1.0,6.999999999999999,10.0,0.0,0.0,1.0,0.0,1.0,24.0,2.0,0.909,0.0,0.0,12.0,14.0,18.0
396,500.0,30.000000000000004,8.0,20.0,1.0,6.999999999999999,10.0,0.0,0.0,1.0,0.0,-1.0,24.0,2.0,-7.2914000000000065,0.0,0.0,14.0,10.0,18.0
397,500.0,30.000000000000004,8.0,20.0,1.0,6.999999999999999,10.0,0.0,0.0,1.0,0.0,-1.0,168.0,2.0,-7.2914000000000065,0.0,0.0,14.0,10.0,18.0
398,500.0,30.000000000000004,8.0,20.0,1.0,6.999999999999999,10.0,0.0,0.0,1.0,0.0,-1.0,24.0,2.0,1.4230200000000002,0.0,2.0,14.0,10.0,18.0
399,500.0,30.000000000000004,8.0,20.0,1.0,6.999999999999999,10.0,0.0,0.0,1.0,0.0,-1.0,168.0,2.0,-8.161100000000008,0.0,0.0,14.0,10.0,18.0
400,500.0,30.000000000000004,8.0,20.0,1.0,6.999999999999999,10.0,0.0,0.0,1.0,0.0,1.0,24.0,2.0,1.2576000000000005,0.0,1.0,12.0,14.0,18.0
401,10.0,10.0,14.0,42.0,0.0,6.999999999999999,10.0,0.0,0.0,0.0,1.0,1.0,24.0,2.0,-3.327499999999995,0.0,0.0,12.0,14.0,18.0
402,500.0,30.000000000000004,8.0,20.0,1.0,8.0,10.0,0.0,0.0,1.0,0.0,-1.0,168.0,2.0,1.4230200000000002,0.0,2.0,14.0,10.0,18.0
403,10.0,10.0,5.0,40.0,0.0,9.0,10.0,0.0,0.0,0.0,1.0,1.0,24.0,2.0,0.909,0.0,0.0,12.0,14.0,18.0
404,10.0,10.0,5.0,40.0,0.0,9.0,10.0,0.0,0.0,0.0,1.0,1.0,24.0,2.0,1.785600000000004,0.0,0.0,12.0,14.0,18.0
405,10.0,10.0,5.0,40.0,0.0,9.0,10.0,0.0,0.0,0.0,1.0,1.0,24.0,2.0,0.909,0.0,0.0,12.0,14.0,18.0
406,10.0,10.0,5.0,40.0,0.0,9.0,10.0,0.0,0.0,0.0,1.0,1.0,24.0,2.0,1.785600000000004,0.0,0.0,12.0,14.0,18.0
407,500.0,30.000000000000004,8.0,20.0,1.0,10.0,10.0,0.0,0.0,1.0,0.0,1.0,0.16,1.0,0.023700000000000557,1.0,0.0,12.0,14.0,18.0
408,500.0,30.000000000000004,8.0,20.0,1.0,10.0,10.0,0.0,0.0,1.0,0.0,-1.0,24.0,2.0,0.023700000000000557,1.0,0.0,14.0,10.0,18.0
409,500.0,30.000000000000004,8.0,20.0,1.0,10.0,10.0,0.0,0.0,1.0,0.0,-1.0,24.0,2.0,0.31810000000000016,1.0,0.0,14.0,10.0,18.0
410,500.0,30.000000000000004,8.0,20.0,1.0,10.0,10.0,0.0,0.0,1.0,0.0,-1.0,24.0,2.0,0.909,0.0,0.0,14.0,10.0,18.0
411,500.0,30.000000000000004,8.0,20.0,1.0,10.0,10.0,0.0,0.0,1.0,0.0,-1.0,24.0,2.0,-1.172299999999999,0.0,0.0,14.0,10.0,18.0
412,500.0,30.000000000000004,8.0,20.0,1.0,10.0,10.0,0.0,0.0,1.0,0.0,-1.0,48.0,2.0,-3.469899999999997,1.0,0.0,14.0,10.0,18.0
413,500.0,30.000000000000004,8.0,20.0,1.0,10.0,10.0,0.0,0.0,1.0,0.0,-1.0,24.0,2.0,-10.879699999999966,0.0,0.0,14.0,10.0,18.0
414,300.0,10.0,5.0,32.0,0.0,0.0,9.0,1.0,0.0,0.0,1.0,-1.0,48.0,2.0,0.38950000000000007,0.0,0.0,14.0,10.0,18.0
415,300.0,10.0,5.0,32.0,0.0,0.0,9.0,1.0,0.0,0.0,1.0,1.0,24.0,2.0,0.38950000000000007,0.0,0.0,12.0,14.0,18.0
416,500.0,30.000000000000004,8.0,20.0,1.0,6.999999999999999,9.0,0.0,0.0,1.0,0.0,-1.0,24.0,2.0,0.023700000000000557,1.0,0.0,14.0,10.0,18.0
417,500.0,30.000000000000004,8.0,20.0,1.0,6.999999999999999,9.0,0.0,0.0,1.0,0.0,-1.0,168.0,2.0,-3.327499999999995,0.0,0.0,14.0,10.0,18.0
418,500.0,30.000000000000004,8.0,20.0,1.0,6.999999999999999,9.0,0.0,0.0,1.0,0.0,-1.0,24.0,2.0,-7.2914000000000065,0.0,0.0,14.0,10.0,18.0
419,500.0,30.000000000000004,8.0,20.0,1.0,6.999999999999999,9.0,0.0,0.0,1.0,0.0,-1.0,24.0,2.0,1.4230200000000002,0.0,2.0,14.0,10.0,18.0
420,500.0,30.000000000000004,8.0,20.0,1.0,6.999999999999999,9.0,0.0,0.0,1.0,0.0,-1.0,168.0,2.0,0.07350000000000063,0.0,1.0,14.0,10.0,18.0
421,500.0,30.000000000000004,8.0,20.0,1.0,6.999999999999999,9.0,0.0,0.0,1.0,0.0,1.0,0.16,1.0,-10.879699999999966,0.0,0.0,12.0,14.0,18.0
422,10.0,10.0,5.0,40.0,0.0,8.0,9.0,0.0,0.0,0.0,1.0,1.0,240.0,1.0,1.785600000000004,0.0,0.0,0.0,14.0,18.0
423,10.0,10.0,5.0,40.0,0.0,8.0,9.0,0.0,0.0,0.0,1.0,1.0,240.0,1.0,1.785600000000004,0.0,0.0,0.0,14.0,18.0
424,500.0,30.000000000000004,8.0,20.0,1.0,9.0,9.0,0.0,0.0,1.0,0.0,-1.0,24.0,2.0,-1.2991999999999955,1.0,2.0,14.0,10.0,18.0
425,500.0,30.000000000000004,8.0,20.0,1.0,9.0,9.0,0.0,0.0,1.0,0.0,-1.0,12.0,2.0,0.07350000000000063,0.0,1.0,14.0,10.0,18.0
426,500.0,30.000000000000004,8.0,20.0,1.0,9.0,9.0,0.0,0.0,1.0,0.0,-1.0,24.0,2.0,0.07350000000000063,0.0,1.0,14.0,10.0,18.0
427,500.0,30.000000000000004,8.0,20.0,1.0,6.999999999999999,8.0,0.0,0.0,1.0,0.0,-1.0,168.0,2.0,-8.424200000000015,0.0,0.0,14.0,10.0,18.0
428,500.0,30.000000000000004,8.0,20.0,1.0,6.999999999999999,8.0,0.0,0.0,1.0,0.0,-1.0,12.0,2.0,0.023700000000000557,1.0,0.0,14.0,10.0,18.0
429,500.0,30.000000000000004,8.0,20.0,1.0,6.999999999999999,8.0,0.0,0.0,1.0,0.0,-1.0,12.0,2.0,1.785600000000004,0.0,0.0,14.0,10.0,18.0
430,500.0,30.000000000000004,8.0,20.0,1.0,6.999999999999999,8.0,0.0,0.0,1.0,0.0,-1.0,48.0,2.0,1.785600000000004,0.0,0.0,14.0,10.0,18.0
431,500.0,30.000000000000004,8.0,20.0,1.0,6.999999999999999,8.0,0.0,0.0,1.0,0.0,-1.0,12.0,1.0,1.785600000000004,0.0,0.0,14.0,10.0,18.0
432,500.0,30.000000000000004,8.0,20.0,1.0,6.999999999999999,8.0,0.0,0.0,1.0,0.0,1.0,24.0,2.0,1.785600000000004,0.0,0.0,12.0,14.0,18.0
433,500.0,30.000000000000004,8.0,20.0,1.0,6.999999999999999,8.0,0.0,0.0,1.0,0.0,-1.0,12.0,1.0,0.07350000000000063,0.0,1.0,14.0,10.0,18.0
434,500.0,30.000000000000004,8.0,20.0,1.0,6.999999999999999,8.0,0.0,0.0,1.0,0.0,-1.0,48.0,2.0,-10.879699999999966,0.0,0.0,14.0,10.0,18.0
435,500.0,30.000000000000004,8.0,20.0,1.0,6.999999999999999,8.0,0.0,0.0,1.0,0.0,-1.0,168.0,2.0,-10.879699999999966,0.0,0.0,14.0,10.0,18.0
436,500.0,30.000000000000004,8.0,20.0,1.0,6.999999999999999,8.0,0.0,0.0,1.0,0.0,1.0,24.0,2.0,-10.879699999999966,0.0,0.0,12.0,14.0,18.0
437,500.0,30.000000000000004,8.0,20.0,1.0,6.999999999999999,8.0,0.0,0.0,1.0,0.0,-1.0,12.0,1.0,0.10620000000000603,0.0,0.0,14.0,10.0,18.0
438,500.0,30.000000000000004,8.0,20.0,1.0,8.0,8.0,0.0,0.0,1.0,0.0,-1.0,24.0,2.0,-1.2991999999999955,1.0,2.0,14.0,10.0,18.0
439,500.0,30.000000000000004,8.0,20.0,1.0,8.0,8.0,0.0,0.0,1.0,0.0,-1.0,24.0,2.0,1.4230200000000002,0.0,2.0,14.0,10.0,18.0
440,500.0,30.000000000000004,8.0,20.0,1.0,8.0,8.0,0.0,0.0,1.0,0.0,-1.0,48.0,2.0,0.07350000000000063,0.0,1.0,14.0,10.0,18.0
441,500.0,30.000000000000004,8.0,20.0,1.0,6.999999999999999,7.000000000000001,0.0,0.0,1.0,0.0,-1.0,24.0,2.0,0.31810000000000016,1.0,0.0,14.0,10.0,18.0
442,500.0,30.000000000000004,8.0,20.0,1.0,6.999999999999999,7.000000000000001,0.0,0.0,1.0,0.0,-1.0,48.0,2.0,-4.953199999999996,1.0,1.0,14.0,10.0,18.0
443,500.0,30.000000000000004,8.0,20.0,1.0,6.999999999999999,7.000000000000001,0.0,0.0,1.0,0.0,-1.0,48.0,2.0,-1.1989999999999987,1.0,2.0,14.0,10.0,18.0
444,500.0,30.000000000000004,8.0,20.0,1.0,6.999999999999999,7.000000000000001,0.0,0.0,1.0,0.0,-1.0,24.0,2.0,1.4230200000000002,0.0,2.0,14.0,10.0,18.0
445,500.0,30.000000000000004,8.0,20.0,1.0,6.999999999999999,7.000000000000001,0.0,0.0,1.0,0.0,1.0,24.0,2.0,0.07350000000000063,0.0,1.0,12.0,14.0,18.0
446,500.0,30.000000000000004,8.0,20.0,1.0,6.999999999999999,7.000000000000001,0.0,0.0,1.0,0.0,-1.0,24.0,2.0,-10.879699999999966,0.0,0.0,14.0,10.0,18.0
447,500.0,30.000000000000004,8.0,20.0,1.0,6.999999999999999,7.000000000000001,0.0,0.0,1.0,0.0,1.0,24.0,2.0,4.335420000000004,0.0,0.0,12.0,14.0,18.0
448,500.0,30.000000000000004,8.0,20.0,1.0,6.999999999999999,7.000000000000001,0.0,0.0,1.0,0.0,-1.0,24.0,2.0,1.2576000000000005,0.0,1.0,14.0,10.0,18.0
449,500.0,30.000000000000004,8.0,20.0,1.0,6.999999999999999,7.000000000000001,0.0,0.0,1.0,0.0,-1.0,168.0,2.0,1.2576000000000005,0.0,1.0,14.0,10.0,18.0
450,500.0,30.000000000000004,8.0,20.0,1.0,6.999999999999999,7.000000000000001,0.0,0.0,1.0,0.0,-1.0,12.0,2.0,0.10620000000000603,0.0,0.0,14.0,10.0,18.0
